ReportDate,Barrid,YieldPerc,TotalRiskPerc,SpecRiskPerc,HistBeta,PredBeta,DataDate
2018.09.28,DA000368,2.006304,13.35667,1.120062,1.020212,1.024818,2018.09.28
2018.10.01,DA000368,2.007224,13.55286,1.11083,1.020912,1.025412,2018.10.01
2018.10.02,DA000368,2.011044,13.81859,1.083993,1.021427,1.026234,2018.10.02
2018.10.03,DA000368,2.010058,13.73988,1.082899,1.020446,1.026383,2018.10.03
2018.10.04,DA000368,2.016134,14.93995,1.079871,1.022088,1.026361,2018.10.04
2018.10.05,DA000368,2.018213,14.57429,1.050431,1.021063,1.025862,2018.10.05
2018.10.09,DA000368,2.020909,15.46052,1.07274,1.019435,1.025332,2018.10.09
2018.10.10,DA000368,2.022336,14.8153,1.098215,1.018541,1.025395,2018.10.10
2018.10.11,DA000368,2.026731,21.23617,1.073884,1.016805,1.025246,2018.10.11
2018.10.12,DA000368,2.023052,20.27323,1.094203,1.019171,1.026044,2018.10.12
2018.10.15,DA000368,2.025458,21.98745,1.084634,1.019116,1.025878,2018.10.15
2018.10.16,DA000368,2.030256,19.17816,1.082809,1.019714,1.02582,2018.10.16
2018.10.17,DA000368,2.027434,16.46908,1.052701,1.019844,1.024849,2018.10.17
2018.10.18,DA000368,2.030207,17.51807,1.042974,1.018283,1.025367,2018.10.18
2018.10.19,DA000368,2.030162,17.43146,1.015511,1.017657,1.025775,2018.10.19
2018.10.22,DA000368,2.03069,16.9181,0.97819,1.017569,1.025749,2018.10.22
2018.10.23,DA000368,2.032653,20.20498,1.000891,1.01769,1.025664,2018.10.23
2018.10.24,DA000368,2.030688,19.40764,1.004693,1.01668,1.026094,2018.10.24
2018.10.25,DA000368,2.036621,22.33905,1.015368,1.015446,1.025934,2018.10.25
2018.10.26,DA000368,2.042436,21.41844,1.039298,1.014864,1.025377,2018.10.26
2018.10.29,DA000368,2.046423,21.36061,1.084461,1.013529,1.024553,2018.10.29
2018.10.30,DA000368,2.044519,20.17449,1.158991,1.01439,1.023913,2018.10.30
2018.10.31,DA000368,2.237225,19.87603,1.248908,1.015826,1.022533,2018.10.31
2018.11.01,DA000368,2.231757,19.77883,1.389142,1.019807,1.0209,2018.11.01
2018.11.02,DA000368,2.228168,19.12519,1.427563,1.024714,1.02087,2018.11.02
2018.11.05,DA000368,2.22955,21.41988,1.41883,1.025384,1.021343,2018.11.05
2018.11.06,DA000368,2.231054,20.24719,1.38932,1.025025,1.021174,2018.11.06
2018.11.07,DA000368,2.226902,18.74373,1.42222,1.024272,1.020987,2018.11.07
2018.11.08,DA000368,2.224768,15.96185,1.411476,1.023691,1.019531,2018.11.08
2018.11.09,DA000368,2.225115,15.62465,1.39151,1.022469,1.019813,2018.11.09
2018.11.12,DA000368,2.228016,14.84119,1.379225,1.021758,1.019953,2018.11.12
2018.11.13,DA000368,2.225579,16.94731,1.347047,1.02066,1.020742,2018.11.13
2018.11.14,DA000368,2.227927,16.95977,1.34621,1.020948,1.020684,2018.11.14
2018.11.15,DA000368,2.224089,17.18422,1.323199,1.020098,1.02112,2018.11.15
2018.11.16,DA000368,2.224603,17.21072,1.312999,1.018706,1.021683,2018.11.16
2018.11.19,DA000368,2.219022,15.87943,1.312134,1.019415,1.021378,2018.11.19
2018.11.20,DA000368,2.226108,16.22418,1.320363,1.018011,1.022119,2018.11.20
2018.11.21,DA000368,2.224307,16.27296,1.286305,1.018234,1.022002,2018.11.21
2018.11.22,DA000368,2.222583,15.58597,1.257542,1.017331,1.02189,2018.11.22
2018.11.26,DA000368,2.221867,15.68715,1.238216,1.017545,1.022101,2018.11.26
2018.11.27,DA000368,2.223427,15.86649,1.216764,1.018487,1.021909,2018.11.27
2018.11.28,DA000368,2.218168,15.76452,1.245058,1.018888,1.02197,2018.11.28
2018.11.29,DA000368,2.214951,15.47747,1.239078,1.019595,1.021621,2018.11.29
2018.11.30,DA000368,2.228475,15.4732,1.262624,1.018429,1.020861,2018.11.30
2018.12.03,DA000368,2.228397,13.59203,1.259295,1.019989,1.020104,2018.12.03
2018.12.04,DA000368,2.228762,14.60413,1.218529,1.018883,1.020404,2018.12.04
2018.12.05,DA000368,2.227184,15.09225,1.213382,1.017304,1.020711,2018.12.05
2018.12.06,DA000368,2.230957,17.26791,1.18559,1.01573,1.02157,2018.12.06
2018.12.07,DA000368,2.224598,16.56974,1.176609,1.014666,1.021769,2018.12.07
2018.12.10,DA000368,2.229584,18.6135,1.159484,1.013999,1.021571,2018.12.10
2018.12.11,DA000368,2.227067,17.92762,1.162369,1.01178,1.021685,2018.12.11
2018.12.12,DA000368,2.220874,16.57447,1.176732,1.013507,1.021312,2018.12.12
2018.12.13,DA000368,2.224091,15.34833,1.167034,1.014222,1.021279,2018.12.13
2018.12.14,DA000368,2.227417,17.03243,1.15335,1.012459,1.021575,2018.12.14
2018.12.17,DA000368,2.227267,16.23948,1.121816,1.0117,1.021536,2018.12.17
2018.12.18,DA000368,2.233585,17.82934,1.119696,1.011193,1.021191,2018.12.18
2018.12.19,DA000368,2.230273,18.18133,1.12014,1.011281,1.021094,2018.12.19
2018.12.20,DA000368,2.234174,20.44916,1.175921,1.008464,1.021076,2018.12.20
2018.12.21,DA000368,2.233665,20.59772,1.222952,1.008124,1.019661,2018.12.21
2018.12.25,DA000368,2.238853,25.22303,1.233301,1.006606,1.018534,2018.12.25
2018.12.26,DA000368,2.233991,24.09244,1.193125,1.006325,1.01671,2018.12.26
2018.12.27,DA000368,2.230332,21.42096,1.205912,1.009248,1.016339,2018.12.27
2018.12.28,DA000368,2.234642,22.88969,1.16385,1.009719,1.016942,2018.12.28
2019.01.04,DA000368,2.494343,21.5637,1.211013,1.006823,1.01742,2019.01.04
2019.01.07,DA000368,2.495111,20.78182,1.206261,1.009692,1.016954,2019.01.07
2019.01.08,DA000368,2.498457,18.7682,1.215711,1.011475,1.015513,2019.01.08
2019.01.09,DA000368,2.496202,18.54088,1.209559,1.012051,1.015202,2019.01.09
2019.01.10,DA000368,2.504331,19.55336,1.197309,1.011068,1.01564,2019.01.10
2019.01.11,DA000368,2.507759,18.99394,1.220697,1.01183,1.016132,2019.01.11
2019.01.15,DA000368,2.510068,18.41307,1.257474,1.014091,1.016668,2019.01.15
2019.01.16,DA000368,2.508084,18.06252,1.222733,1.013061,1.01679,2019.01.16
2019.01.17,DA000368,2.507248,17.84654,1.176002,1.013362,1.016409,2019.01.17
2019.01.18,DA000368,2.507243,17.22753,1.146325,1.014117,1.016208,2019.01.18
2019.01.21,DA000368,2.513942,17.23211,1.10337,1.015166,1.016341,2019.01.21
2019.01.22,DA000368,2.513539,17.44456,1.045312,1.013874,1.016739,2019.01.22
2019.01.23,DA000368,2.513691,17.77094,1.012006,1.013979,1.016818,2019.01.23
2019.01.24,DA000368,2.517848,17.47721,1.00069,1.014836,1.016748,2019.01.24
2019.01.25,DA000368,2.520351,16.82627,0.990907,1.016821,1.016733,2019.01.25
2019.01.28,DA000368,2.519662,17.33368,0.978024,1.017297,1.017263,2019.01.28
2019.01.29,DA000368,2.514758,17.50371,0.961261,1.015512,1.017011,2019.01.29
2019.01.30,DA000368,2.516765,17.79115,0.981674,1.015415,1.017269,2019.01.30
2019.01.31,DA000368,2.36972,16.76554,1.076798,1.015814,1.016921,2019.01.31
2019.02.01,DA000368,2.361416,16.49522,1.161395,1.015359,1.016579,2019.02.01
2019.02.04,DA000368,2.362296,15.669,1.259461,1.016386,1.016024,2019.02.04
2019.02.05,DA000368,2.359674,15.21243,1.245126,1.01651,1.015939,2019.02.05
2019.02.06,DA000368,2.360518,16.03663,1.254671,1.01663,1.016448,2019.02.06
2019.02.07,DA000368,2.357021,16.00811,1.339105,1.017824,1.015781,2019.02.07
2019.02.08,DA000368,2.351832,18.56949,1.37284,1.01634,1.01678,2019.02.08
2019.02.12,DA000368,2.349585,16.93025,1.416779,1.018415,1.015941,2019.02.12
2019.02.13,DA000368,2.347552,17.20174,1.424994,1.019982,1.015944,2019.02.13
2019.02.14,DA000368,2.348414,16.92626,1.378837,1.019471,1.016145,2019.02.14
2019.02.15,DA000368,2.349069,17.81662,1.368721,1.018037,1.01648,2019.02.15
2019.02.18,DA000368,2.350281,17.11171,1.333707,1.019351,1.016478,2019.02.18
2019.02.19,DA000368,2.350462,17.56651,1.275715,1.018509,1.016808,2019.02.19
2019.02.20,DA000368,2.348061,17.34833,1.232395,1.01847,1.016628,2019.02.20
2019.02.21,DA000368,2.346992,16.8526,1.201292,1.018282,1.016541,2019.02.21
2019.02.22,DA000368,2.344672,16.44388,1.148355,1.018256,1.016576,2019.02.22
2019.02.25,DA000368,2.342142,16.41463,1.119376,1.019172,1.016691,2019.02.25
2019.02.26,DA000368,2.341153,16.23466,1.073261,1.018371,1.016269,2019.02.26
2019.02.27,DA000368,2.341491,16.09061,1.046535,1.018167,1.016308,2019.02.27
2019.02.28,DA000368,2.343647,16.19925,1.04847,1.016885,1.015743,2019.02.28
2019.03.01,DA000368,2.339654,16.23956,1.024499,1.017368,1.015813,2019.03.01
2019.03.04,DA000368,2.338336,16.01229,1.049125,1.019314,1.015929,2019.03.04
2019.03.05,DA000368,2.337677,16.22168,1.043638,1.018652,1.016063,2019.03.05
2019.03.06,DA000368,2.335667,17.04915,1.021157,1.018955,1.016011,2019.03.06
2019.03.07,DA000368,2.33296,17.60685,1.032534,1.017338,1.016738,2019.03.07
2019.03.08,DA000368,2.332923,19.22833,1.037118,1.015721,1.016964,2019.03.08
2019.03.11,DA000368,2.333801,18.10139,1.042114,1.015709,1.016643,2019.03.11
2019.03.12,DA000368,2.332346,16.62355,1.017862,1.016876,1.016394,2019.03.12
2019.03.13,DA000368,2.331242,17.11307,1.027791,1.016367,1.016406,2019.03.13
2019.03.14,DA000368,2.331319,16.40278,1.0301,1.01616,1.016527,2019.03.14
2019.03.15,DA000368,2.332325,15.52538,1.011373,1.016273,1.016311,2019.03.15
2019.03.18,DA000368,2.33233,15.4065,0.995689,1.016994,1.015884,2019.03.18
2019.03.19,DA000368,2.336518,15.36187,0.984643,1.01755,1.016135,2019.03.19
2019.03.20,DA000368,2.335364,15.44997,0.998599,1.017807,1.01621,2019.03.20
2019.03.22,DA000368,2.33512,15.19178,1.036569,1.018562,1.016378,2019.03.22
2019.03.25,DA000368,2.336828,19.12228,1.012549,1.01642,1.017402,2019.03.25
2019.03.26,DA000368,2.335217,17.71405,1.022464,1.016738,1.016407,2019.03.26
2019.03.27,DA000368,2.297561,16.83073,1.004495,1.005832,1.004677,2019.03.27
2019.03.28,DA000368,2.323681,18.35582,1.012248,1.017202,1.016338,2019.03.28
2019.03.29,DA000368,2.364414,17.17619,1.011072,1.017909,1.016803,2019.03.29
2019.04.01,DA000368,2.369604,17.25677,1.018524,1.019209,1.016915,2019.04.01
2019.04.02,DA000368,2.378575,17.163,1.027804,1.021275,1.017129,2019.04.02
2019.04.03,DA000368,2.378909,16.52258,1.036331,1.02304,1.01745,2019.04.03
2019.04.04,DA000368,2.380225,16.5802,1.028429,1.023932,1.017682,2019.04.04
2019.04.05,DA000368,2.383078,16.627,1.01048,1.025056,1.017982,2019.04.05
2019.04.08,DA000368,2.378286,16.5809,0.986851,1.024504,1.017918,2019.04.08
2019.04.09,DA000368,2.376938,16.46211,1.013558,1.025697,1.01804,2019.04.09
2019.04.10,DA000368,2.374227,16.61972,1.019816,1.025807,1.018127,2019.04.10
2019.04.11,DA000368,2.371812,16.00656,1.032746,1.025231,1.018402,2019.04.11
2019.04.12,DA000368,2.369585,15.61149,1.060577,1.026108,1.018801,2019.04.12
2019.04.15,DA000368,2.367257,16.09075,1.046469,1.027763,1.01879,2019.04.15
2019.04.16,DA000368,2.368961,15.15834,1.037736,1.027289,1.019014,2019.04.16
2019.04.17,DA000368,2.37377,15.21611,1.056123,1.028306,1.019006,2019.04.17
2019.04.18,DA000368,2.376782,16.22095,1.075804,1.02779,1.019591,2019.04.18
2019.04.19,DA000368,2.309674,15.13418,1.04372,1.002269,0.992435,2019.04.19
2019.04.22,DA000368,2.372029,16.17213,1.036431,1.028717,1.02029,2019.04.22
2019.04.23,DA000368,2.370824,15.86455,1.000857,1.028205,1.020244,2019.04.23
2019.04.24,DA000368,2.3648,16.69233,1.004613,1.028536,1.020187,2019.04.24
2019.04.25,DA000368,2.363556,16.12746,1.060926,1.028075,1.019966,2019.04.25
2019.04.26,DA000368,2.363268,17.03045,1.112204,1.027702,1.019979,2019.04.26
2019.05.07,DA000368,2.335043,19.70362,1.324795,1.024712,1.020215,2019.05.07
2019.05.08,DA000368,2.333443,21.20949,1.314448,1.024483,1.021417,2019.05.08
2019.05.09,DA000368,2.33381,23.96734,1.419585,1.024145,1.022561,2019.05.09
2019.05.10,DA000368,2.334456,23.88956,1.478117,1.023737,1.023081,2019.05.10
2019.05.13,DA000368,2.336969,22.36155,1.510277,1.022219,1.023502,2019.05.13
2019.05.14,DA000368,2.342097,21.81739,1.520514,1.021132,1.023124,2019.05.14
2019.05.15,DA000368,2.331536,18.72614,1.555135,1.022324,1.02272,2019.05.15
2019.05.16,DA000368,2.328596,19.04884,1.577857,1.020597,1.022935,2019.05.16
2019.05.17,DA000368,2.323961,18.15514,1.576336,1.020912,1.022709,2019.05.17
2019.05.20,DA000368,2.326693,17.7184,1.541357,1.01881,1.023204,2019.05.20
2019.05.21,DA000368,2.328374,17.85433,1.538072,1.018643,1.023087,2019.05.21
2019.05.22,DA000368,2.328812,17.12954,1.481214,1.019521,1.022959,2019.05.22
2019.05.23,DA000368,2.32789,17.72715,1.42564,1.017382,1.023296,2019.05.23
2019.05.24,DA000368,2.326006,17.7688,1.385485,1.017248,1.023279,2019.05.24
2019.05.27,DA000368,2.326284,17.2604,1.330093,1.016951,1.023011,2019.05.27
2019.05.28,DA000368,2.327025,16.75436,1.293472,1.018082,1.022738,2019.05.28
2019.05.29,DA000368,2.328935,17.44435,1.270683,1.018036,1.023141,2019.05.29
2019.05.30,DA000368,2.335867,17.54716,1.236194,1.019271,1.023646,2019.05.30
2019.05.31,DA000368,2.526438,18.91895,1.205032,1.018671,1.023869,2019.05.31
2019.06.03,DA000368,2.527968,19.38428,1.226954,1.016599,1.023939,2019.06.03
2019.06.04,DA000368,2.538903,18.569,1.219376,1.017888,1.023833,2019.06.04
2019.06.05,DA000368,2.535467,17.20903,1.213353,1.019599,1.023281,2019.06.05
2019.06.06,DA000368,2.531958,16.53796,1.193758,1.018515,1.023397,2019.06.06
2019.06.07,DA000368,2.533121,15.71309,1.153635,1.019476,1.023144,2019.06.07
2019.06.10,DA000368,2.525922,15.67586,1.138058,1.020984,1.023333,2019.06.10
2019.06.11,DA000368,2.530414,15.40578,1.104269,1.022141,1.023255,2019.06.11
2019.06.12,DA000368,2.531089,15.93234,1.083049,1.021577,1.023244,2019.06.12
2019.06.13,DA000368,2.528826,15.98229,1.066545,1.020692,1.023793,2019.06.13
2019.06.14,DA000368,2.525234,15.6446,1.024969,1.020945,1.024117,2019.06.14
2019.06.17,DA000368,2.524617,15.14723,1.012238,1.020727,1.024214,2019.06.17
2019.06.18,DA000368,2.5272,15.29753,0.990722,1.020295,1.024285,2019.06.18
2019.06.19,DA000368,2.527115,14.70156,0.997962,1.02258,1.024459,2019.06.19
2019.06.20,DA000368,2.523298,13.77375,1.002071,1.023112,1.024608,2019.06.20
2019.06.21,DA000368,2.529714,14.44599,1.01914,1.023365,1.024593,2019.06.21
2019.06.24,DA000368,2.529147,14.49502,1.011,1.02394,1.024821,2019.06.24
2019.06.25,DA000368,2.528672,14.74533,0.990884,1.023234,1.025457,2019.06.25
2019.06.26,DA000368,2.528247,14.85496,0.972236,1.021969,1.024201,2019.06.26
2019.06.27,DA000368,2.533009,14.64162,0.97766,1.025593,1.025577,2019.06.27
2019.06.28,DA000368,2.46061,14.98047,0.959628,1.026135,1.025984,2019.06.28
2019.07.01,DA000368,2.460563,13.51143,0.981413,1.028045,1.025316,2019.07.01
2019.07.02,DA000368,2.460165,13.39505,0.964249,1.028362,1.02522,2019.07.02
2019.07.03,DA000368,2.459241,13.15388,0.950153,1.026502,1.025504,2019.07.03
2019.07.04,DA000368,2.458059,12.63478,0.936468,1.026195,1.024955,2019.07.04
2019.07.05,DA000368,2.460174,12.43102,0.92075,1.026148,1.02471,2019.07.05
2019.07.08,DA000368,2.51726,12.99925,0.924128,1.047916,1.04597,2019.07.08
2019.07.09,DA000368,2.518384,12.81914,0.945875,1.047001,1.04672,2019.07.09
2019.07.10,DA000368,2.518208,13.1389,0.946015,1.046143,1.047101,2019.07.10
2019.07.11,DA000368,2.466239,11.84219,0.938769,1.02452,1.025163,2019.07.11
2019.07.12,DA000368,2.467304,11.49531,0.931925,1.023783,1.025073,2019.07.12
2019.07.16,DA000368,2.468604,11.5751,0.970744,1.024124,1.025037,2019.07.16
2019.07.17,DA000368,2.466563,11.75972,0.995251,1.024104,1.025196,2019.07.17
2019.07.18,DA000368,2.467745,14.29047,0.98617,1.023436,1.02536,2019.07.18
2019.07.19,DA000368,2.465339,12.70472,0.961656,1.024403,1.024736,2019.07.19
2019.07.22,DA000368,2.468303,13.2215,0.958115,1.025738,1.025171,2019.07.22
2019.07.23,DA000368,2.46523,12.79586,0.942881,1.026864,1.024862,2019.07.23
2019.07.24,DA000368,2.464047,12.93749,0.938233,1.028048,1.025007,2019.07.24
2019.07.25,DA000368,2.46096,13.09534,0.977645,1.029382,1.024924,2019.07.25
2019.07.26,DA000368,2.458199,13.19098,1.000913,1.028208,1.025202,2019.07.26
2019.07.29,DA000368,2.454451,13.33437,1.04048,1.027381,1.025052,2019.07.29
2019.07.30,DA000368,2.454509,12.8998,1.057115,1.027834,1.024797,2019.07.30
2019.07.31,DA000368,2.479643,13.4216,1.134723,1.028957,1.026255,2019.07.31
2019.08.01,DA000368,2.482877,13.27365,1.237607,1.029005,1.026399,2019.08.01
2019.08.02,DA000368,2.477978,15.2812,1.278162,1.026763,1.026986,2019.08.02
2019.08.05,DA000368,2.478473,18.21126,1.289663,1.025234,1.027341,2019.08.05
2019.08.06,DA000368,2.480439,19.51499,1.32465,1.025021,1.027758,2019.08.06
2019.08.07,DA000368,2.474292,18.88609,1.349294,1.024199,1.027481,2019.08.07
2019.08.08,DA000368,2.472075,17.79266,1.34348,1.023793,1.027361,2019.08.08
2019.08.09,DA000368,2.471173,16.64777,1.374235,1.023273,1.027197,2019.08.09
2019.08.13,DA000368,2.465314,17.99449,1.416289,1.022376,1.027675,2019.08.13
2019.08.14,DA000368,2.465842,16.0909,1.368628,1.023889,1.027517,2019.08.14
2019.08.15,DA000368,2.465516,17.9172,1.309614,1.023355,1.027825,2019.08.15
2019.08.16,DA000368,2.466549,18.15737,1.275909,1.022822,1.02816,2019.08.16
2019.08.19,DA000368,2.469044,16.93328,1.253643,1.022885,1.028144,2019.08.19
2019.08.20,DA000368,2.465565,14.95915,1.204133,1.023255,1.027784,2019.08.20
2019.08.21,DA000368,2.464903,15.07159,1.16858,1.023021,1.028027,2019.08.21
2019.08.22,DA000368,2.466376,14.37219,1.144458,1.022649,1.027949,2019.08.22
2019.08.23,DA000368,2.46547,14.11401,1.089493,1.022898,1.028013,2019.08.23
2019.08.26,DA000368,2.46646,16.89356,1.07496,1.021368,1.028093,2019.08.26
2019.08.27,DA000368,2.465578,15.586,1.050328,1.021958,1.027702,2019.08.27
2019.08.28,DA000368,2.466376,15.22284,1.040821,1.020901,1.02793,2019.08.28
2019.08.29,DA000368,2.467661,15.48481,1.027153,1.020666,1.027131,2019.08.29
2019.08.30,DA000368,2.559993,14.40728,1.011687,1.022938,1.027018,2019.08.30
2019.09.02,DA000368,2.564955,14.62959,1.00056,1.022847,1.027235,2019.09.02
2019.09.03,DA000368,2.566335,14.25185,0.986998,1.023053,1.02728,2019.09.03
2019.09.04,DA000368,2.564119,13.83382,0.980251,1.022377,1.027604,2019.09.04
2019.09.05,DA000368,2.560731,12.98767,1.007639,1.024752,1.027236,2019.09.05
2019.09.06,DA000368,2.565417,12.91656,1.011566,1.025759,1.027878,2019.09.06
2019.09.09,DA000368,2.563816,12.10283,1.01116,1.02577,1.027803,2019.09.09
2019.09.10,DA000368,2.582824,12.02802,1.010954,1.028079,1.028713,2019.09.10
2019.09.11,DA000368,2.59353,12.79625,1.069784,1.029453,1.029326,2019.09.11
2019.09.12,DA000368,2.590363,12.78139,1.085266,1.030867,1.029812,2019.09.12
2019.09.13,DA000368,2.585983,12.90689,1.086361,1.031553,1.029731,2019.09.13
2019.09.17,DA000368,2.588047,13.05439,1.134192,1.031644,1.030198,2019.09.17
2019.09.18,DA000368,2.583798,13.35916,1.115709,1.030885,1.030724,2019.09.18
2019.09.19,DA000368,2.579211,13.05677,1.097014,1.030247,1.030423,2019.09.19
2019.09.20,DA000368,2.580045,12.68661,1.103641,1.029777,1.030656,2019.09.20
2019.09.24,DA000368,2.576841,13.20505,1.154258,1.028725,1.03026,2019.09.24
2019.09.25,DA000368,2.57829,14.01331,1.148432,1.027434,1.030394,2019.09.25
2019.09.26,DA000368,2.583638,13.64687,1.112849,1.028457,1.030598,2019.09.26
2019.09.27,DA000368,2.549767,13.23627,1.092852,1.019076,1.021377,2019.09.27
2019.09.30,DA000368,2.441524,13.7988,1.099552,1.029291,1.031895,2019.09.30
2019.10.01,DA000368,2.446045,12.65589,1.08882,1.031016,1.031962,2019.10.01
2019.10.02,DA000368,2.447249,13.45393,1.07817,1.0291,1.032146,2019.10.02
2019.10.03,DA000368,2.445892,15.1227,1.066103,1.02842,1.032552,2019.10.03
2019.10.04,DA000368,2.441742,14.47663,1.030731,1.028202,1.032604,2019.10.04
2019.10.07,DA000368,2.438461,14.30514,0.992668,1.028317,1.033004,2019.10.07
2019.10.08,DA000368,2.437901,13.36434,1.006586,1.029188,1.032904,2019.10.08
2019.10.09,DA000368,2.436929,14.08909,0.996586,1.028051,1.033179,2019.10.09
2019.10.10,DA000368,2.439355,13.81714,0.996825,1.028598,1.032993,2019.10.10
2019.10.11,DA000368,2.445925,13.46163,0.997979,1.029531,1.033371,2019.10.11
2019.10.15,DA000368,2.445762,12.1698,1.000415,1.030759,1.033661,2019.10.15
2019.10.16,DA000368,2.445273,12.15263,1.015898,1.031716,1.033921,2019.10.16
2019.10.17,DA000368,2.443506,11.91779,0.997802,1.032408,1.034164,2019.10.17
2019.10.18,DA000368,2.443752,12.02177,0.978084,1.033791,1.034313,2019.10.18
2019.10.21,DA000368,2.446663,11.98635,0.957101,1.033225,1.03468,2019.10.21
2019.10.23,DA000368,2.448866,11.86198,0.973134,1.033311,1.034971,2019.10.23
2019.10.24,DA000368,2.45498,11.62662,0.970146,1.034036,1.035266,2019.10.24
2019.10.25,DA000368,2.450714,11.31841,0.948565,1.034371,1.035375,2019.10.25
2019.10.28,DA000368,2.45187,11.4298,0.950239,1.035618,1.035675,2019.10.28
2019.10.29,DA000368,2.455212,11.34417,0.958836,1.036664,1.035622,2019.10.29
2019.10.30,DA000368,2.453284,11.83812,1.007342,1.035097,1.034947,2019.10.30
2019.10.31,DA000368,2.338572,10.9171,1.124794,1.035466,1.034803,2019.10.31
2019.11.01,DA000368,2.33607,10.95863,1.18916,1.034716,1.034826,2019.11.01
2019.11.05,DA000368,2.338888,11.2786,1.307267,1.035529,1.033438,2019.11.05
2019.11.06,DA000368,2.342733,11.692,1.314678,1.036837,1.033839,2019.11.06
2019.11.07,DA000368,2.341638,11.05372,1.319993,1.036111,1.033853,2019.11.07
2019.11.08,DA000368,2.348026,11.31405,1.347665,1.037263,1.034208,2019.11.08
2019.11.11,DA000368,2.34839,11.36742,1.334823,1.036409,1.034278,2019.11.11
2019.11.12,DA000368,2.349218,11.00814,1.312533,1.037148,1.034076,2019.11.12
2019.11.13,DA000368,2.347535,12.04414,1.277909,1.036888,1.034129,2019.11.13
2019.11.14,DA000368,2.345166,12.3938,1.258103,1.036051,1.034622,2019.11.14
2019.11.15,DA000368,2.346457,11.58664,1.219598,1.036401,1.03443,2019.11.15
2019.11.18,DA000368,2.342392,11.27933,1.179196,1.036523,1.034603,2019.11.18
2019.11.19,DA000368,2.34248,11.39494,1.157656,1.035603,1.03485,2019.11.19
2019.11.20,DA000368,2.338162,11.89457,1.142217,1.0345,1.035691,2019.11.20
2019.11.21,DA000368,2.338297,12.32395,1.101553,1.033434,1.036004,2019.11.21
2019.11.22,DA000368,2.338052,12.03688,1.06637,1.034082,1.035794,2019.11.22
2019.11.25,DA000368,2.338651,11.77698,1.032648,1.035153,1.036454,2019.11.25
2019.11.26,DA000368,2.336645,11.46849,1.030258,1.035338,1.03674,2019.11.26
2019.11.27,DA000368,2.33625,11.15032,1.013211,1.035848,1.036752,2019.11.27
2019.11.28,DA000368,2.336969,11.28963,0.991561,1.035509,1.036893,2019.11.28
2019.11.29,DA000368,2.286595,11.46203,0.951692,1.03583,1.03733,2019.11.29
2019.12.02,DA000368,2.28644,11.05909,0.921809,1.03603,1.037194,2019.12.02
2019.12.03,DA000368,2.285072,11.80364,0.911318,1.036063,1.037223,2019.12.03
2019.12.04,DA000368,2.286674,13.1511,0.929456,1.035129,1.037051,2019.12.04
2019.12.05,DA000368,2.289672,12.32049,0.934062,1.036395,1.036707,2019.12.05
2019.12.06,DA000368,2.289239,12.21793,0.907592,1.036947,1.03641,2019.12.06
2019.12.09,DA000368,2.290765,12.51665,0.897163,1.037655,1.036428,2019.12.09
2019.12.10,DA000368,2.289328,12.71851,0.878645,1.037479,1.036286,2019.12.10
2019.12.11,DA000368,2.29058,12.85314,0.872534,1.037223,1.036434,2019.12.11
2019.12.12,DA000368,2.288758,12.57928,0.87516,1.037552,1.036596,2019.12.12
2019.12.13,DA000368,2.290153,11.60578,0.917235,1.03964,1.037242,2019.12.13
2019.12.16,DA000368,2.288813,10.73399,0.92154,1.039345,1.036712,2019.12.16
2019.12.17,DA000368,2.287,10.17074,0.939989,1.039294,1.036335,2019.12.17
2019.12.18,DA000368,2.289051,10.59341,0.96439,1.038786,1.036699,2019.12.18
2019.12.19,DA000368,2.28877,10.32337,0.974162,1.038988,1.036704,2019.12.19
2019.12.20,DA000368,2.287442,10.53444,0.97081,1.038964,1.037215,2019.12.20
2019.12.23,DA000368,2.284271,10.75985,0.942044,1.038536,1.037557,2019.12.23
2019.12.24,DA000368,2.281134,10.78196,0.897309,1.039003,1.037917,2019.12.24
2019.12.25,DA000368,2.280024,10.61107,0.856134,1.038685,1.038472,2019.12.25
2019.12.26,DA000368,2.280044,10.48485,0.811193,1.039318,1.038125,2019.12.26
2019.12.27,DA000368,2.276471,10.44036,0.78667,1.038151,1.036184,2019.12.27
2019.12.30,DA000368,2.279014,11.24675,0.762358,1.039288,1.037595,2019.12.30
2020.01.06,DA000368,2.257863,12.7395,0.792871,1.038863,1.037787,2020.01.06
2020.01.07,DA000368,2.253603,11.33304,0.799784,1.038543,1.036012,2020.01.07
2020.01.08,DA000368,2.253206,12.87053,0.797436,1.037689,1.035542,2020.01.08
2020.01.09,DA000368,2.249038,10.96114,0.816232,1.038285,1.033874,2020.01.09
2020.01.10,DA000368,2.243999,10.63312,0.83702,1.038816,1.033594,2020.01.10
2020.01.14,DA000368,2.241602,10.52969,0.8998,1.039212,1.033829,2020.01.14
2020.01.15,DA000368,2.243357,10.6986,0.901153,1.038595,1.034187,2020.01.15
2020.01.16,DA000368,2.24363,10.37122,0.890781,1.037804,1.034774,2020.01.16
2020.01.17,DA000368,2.248039,9.880151,0.897562,1.038777,1.034917,2020.01.17
2020.01.20,DA000368,2.248762,10.11583,0.884239,1.039142,1.035,2020.01.20
2020.01.21,DA000368,2.250714,11.23019,0.904166,1.038706,1.034502,2020.01.21
2020.01.22,DA000368,2.245917,10.69324,0.90918,1.03875,1.034194,2020.01.22
2020.01.23,DA000368,2.245983,11.66488,0.905467,1.038036,1.034362,2020.01.23
2020.01.24,DA000368,2.243612,11.12251,0.905258,1.037711,1.034502,2020.01.24
2020.01.27,DA000368,2.247599,14.67031,0.942251,1.035643,1.033481,2020.01.27
2020.01.28,DA000368,2.248711,14.25431,0.93079,1.034945,1.033558,2020.01.28
2020.01.29,DA000368,2.249312,12.95657,0.928388,1.03518,1.033104,2020.01.29
2020.01.30,DA000368,2.253337,14.18069,0.955618,1.03342,1.033029,2020.01.30
2020.01.31,DA000368,2.313177,13.57728,1.005154,1.0336,1.033471,2020.01.31
2020.02.03,DA000368,2.311985,14.54241,1.066097,1.032709,1.033664,2020.02.03
2020.02.04,DA000368,2.309513,13.38549,1.096211,1.033104,1.033645,2020.02.04
2020.02.05,DA000368,2.309606,12.53861,1.111161,1.033337,1.032854,2020.02.05
2020.02.06,DA000368,2.310386,12.6999,1.103418,1.034826,1.031995,2020.02.06
2020.02.07,DA000368,2.30729,12.41976,1.175444,1.034169,1.032051,2020.02.07
2020.02.10,DA000368,2.30732,12.84771,1.167087,1.033763,1.032322,2020.02.10
2020.02.12,DA000368,2.299793,11.64522,1.242132,1.035217,1.032439,2020.02.12
2020.02.13,DA000368,2.300132,11.48555,1.241624,1.035248,1.033045,2020.02.13
2020.02.14,DA000368,2.300095,11.7242,1.22708,1.035727,1.033424,2020.02.14
2020.02.17,DA000368,2.303025,11.34887,1.233378,1.035985,1.033475,2020.02.17
2020.02.18,DA000368,2.309386,12.45536,1.228833,1.034368,1.034254,2020.02.18
2020.02.19,DA000368,2.301937,12.06414,1.193221,1.034261,1.034321,2020.02.19
2020.02.20,DA000368,2.30305,12.02339,1.210858,1.035306,1.034828,2020.02.20
2020.02.21,DA000368,2.306386,13.33544,1.196244,1.035243,1.035139,2020.02.21
2020.02.25,DA000368,2.308034,17.07814,1.212262,1.033851,1.033392,2020.02.25
2020.02.26,DA000368,2.312026,19.18331,1.192375,1.033489,1.032402,2020.02.26
2020.02.27,DA000368,2.315262,21.54577,1.181631,1.03177,1.030064,2020.02.27
2020.02.28,DA000368,2.576163,28.92221,1.239332,1.028972,1.023849,2020.02.28
2020.03.02,DA000368,2.564514,26.30715,1.287646,1.028922,1.024788,2020.03.02
2020.03.03,DA000368,2.563949,25.14231,1.264222,1.028248,1.025529,2020.03.03
2020.03.04,DA000368,2.56222,21.94972,1.253522,1.02778,1.026107,2020.03.04
2020.03.05,DA000368,2.55878,18.48945,1.2507,1.027213,1.025705,2020.03.05
2020.03.06,DA000368,2.555488,23.94996,1.240956,1.026468,1.026576,2020.03.06
2020.03.09,DA000368,2.552017,31.19917,1.357063,1.022899,1.025052,2020.03.09
2020.03.10,DA000368,2.543595,28.96856,1.402309,1.02385,1.024679,2020.03.10
2020.03.11,DA000368,2.551001,30.63011,1.452966,1.021355,1.023662,2020.03.11
2020.03.12,DA000368,2.553022,33.41675,1.475619,1.017312,1.02176,2020.03.12
2020.03.13,DA000368,2.548273,33.03819,1.746271,1.01363,1.017378,2020.03.13
2020.03.16,DA000368,2.55418,39.21163,1.819216,1.010475,1.015567,2020.03.16
2020.03.17,DA000368,2.54306,36.63636,2.12846,1.00574,1.014066,2020.03.17
2020.03.18,DA000368,2.529777,36.44131,2.31798,0.999982,1.013763,2020.03.18
2020.03.19,DA000368,2.5388,38.21115,2.692429,0.993022,1.014166,2020.03.19
2020.03.23,DA000368,2.538501,35.88663,3.003897,1.000433,1.014253,2020.03.23
2020.03.24,DA000368,2.540393,30.19042,3.112624,1.010874,1.012136,2020.03.24
2020.03.25,DA000368,2.542458,32.15255,3.117803,1.019255,1.009628,2020.03.25
2020.03.26,DA000368,2.54455,36.08245,3.046665,1.016864,1.008844,2020.03.26
2020.03.27,DA000368,2.541255,35.20489,2.949437,1.019575,1.007732,2020.03.27
2020.03.30,DA000368,2.499072,36.89563,2.852311,1.006088,0.996732,2020.03.30
2020.03.31,DA000368,2.774396,33.61109,2.801336,1.018961,1.009274,2020.03.31
2020.04.01,DA000368,2.777542,34.04403,2.691257,1.017884,1.011325,2020.04.01
2020.04.02,DA000368,2.764688,32.57366,2.600295,1.017043,1.012044,2020.04.02
2020.04.03,DA000368,2.762914,31.54568,2.526687,1.014946,1.01242,2020.04.03
2020.04.06,DA000368,2.765603,28.4865,2.474416,1.015913,1.012766,2020.04.06
2020.04.07,DA000368,2.767272,27.99544,2.382952,1.018685,1.012362,2020.04.07
2020.04.08,DA000368,2.754344,29.91798,2.326746,1.017752,1.012577,2020.04.08
2020.04.09,DA000368,2.760277,28.79735,2.208043,1.019657,1.012283,2020.04.09
2020.04.10,DA000368,2.764987,29.49223,2.102564,1.020062,1.012541,2020.04.10
2020.04.13,DA000368,2.762124,30.72355,2.015881,1.01792,1.013176,2020.04.13
2020.04.14,DA000368,2.754782,26.97974,1.946432,1.019397,1.012407,2020.04.14
2020.04.15,DA000368,2.7408,26.41759,1.892435,1.01701,1.012617,2020.04.15
2020.04.16,DA000368,2.734783,28.81656,1.848368,1.016214,1.012896,2020.04.16
2020.04.17,DA000368,2.731724,27.54401,1.854601,1.019219,1.012172,2020.04.17
2020.04.20,DA000368,2.735201,27.68368,1.784785,1.02031,1.011573,2020.04.20
2020.04.21,DA000368,2.737394,30.11397,1.708863,1.017827,1.011458,2020.04.21
2020.04.22,DA000368,2.734259,30.9476,1.665878,1.016765,1.012738,2020.04.22
2020.04.23,DA000368,2.746423,27.87574,1.605857,1.018913,1.01241,2020.04.23
2020.04.24,DA000368,2.747389,28.58249,1.553036,1.018233,1.013063,2020.04.24
2020.04.27,DA000368,2.754262,25.89225,1.563128,1.02162,1.012485,2020.04.27
2020.04.28,DA000368,2.751839,24.88726,1.569113,1.022393,1.012729,2020.04.28
2020.04.30,DA000368,2.649685,23.67207,1.664878,1.028038,1.013599,2020.04.30
2020.05.01,DA000368,2.639131,30.55146,1.652678,1.025459,1.016479,2020.05.01
2020.05.07,DA000368,2.625022,26.14816,1.686975,1.025507,1.016792,2020.05.07
2020.05.08,DA000368,2.630467,23.43469,1.676354,1.027085,1.015707,2020.05.08
2020.05.11,DA000368,2.640362,21.82808,1.695895,1.028883,1.015128,2020.05.11
2020.05.12,DA000368,2.629405,22.76647,1.664427,1.027814,1.015731,2020.05.12
2020.05.13,DA000368,2.622676,23.12011,1.707862,1.02747,1.015983,2020.05.13
2020.05.14,DA000368,2.617001,27.48062,1.712131,1.025636,1.017104,2020.05.14
2020.05.15,DA000368,2.613999,25.70646,1.68159,1.026275,1.016117,2020.05.15
2020.05.18,DA000368,2.615316,24.60748,1.682415,1.025754,1.014196,2020.05.18
2020.05.19,DA000368,2.623063,23.08103,1.629905,1.027737,1.013701,2020.05.19
2020.05.20,DA000368,2.617868,22.44778,1.609125,1.027951,1.013079,2020.05.20
2020.05.21,DA000368,2.618557,22.06866,1.538515,1.028751,1.013547,2020.05.21
2020.05.22,DA000368,2.608416,24.29053,1.504452,1.027835,1.014294,2020.05.22
2020.05.25,DA000368,2.610372,22.66054,1.464109,1.029068,1.014468,2020.05.25
2020.05.26,DA000368,2.614125,21.93828,1.49416,1.030854,1.014715,2020.05.26
2020.05.27,DA000368,2.630501,22.27095,1.491351,1.031815,1.015316,2020.05.27
2020.05.28,DA000368,2.632666,22.6813,1.527209,1.033257,1.016049,2020.05.28
2020.05.29,DA000368,2.467973,23.08965,1.562242,1.032192,1.01684,2020.05.29
2020.06.01,DA000368,2.460523,23.3302,1.539261,1.032408,1.017546,2020.06.01
2020.06.02,DA000368,2.461647,23.37215,1.501885,1.03336,1.017967,2020.06.02
2020.06.03,DA000368,2.466853,23.80812,1.465741,1.034496,1.018096,2020.06.03
2020.06.04,DA000368,2.464303,24.56629,1.419031,1.033994,1.018436,2020.06.04
2020.06.05,DA000368,2.476368,23.33466,1.393011,1.036132,1.018536,2020.06.05
2020.06.08,DA000368,2.491235,23.50819,1.395256,1.039104,1.018152,2020.06.08
2020.06.09,DA000368,2.487865,23.76955,1.367719,1.038026,1.017879,2020.06.09
2020.06.10,DA000368,2.479149,24.84229,1.338233,1.037675,1.018162,2020.06.10
2020.06.11,DA000368,2.466232,27.76315,1.330929,1.034088,1.01904,2020.06.11
2020.06.12,DA000368,2.46496,31.39212,1.309949,1.033306,1.020419,2020.06.12
2020.06.15,DA000368,2.466682,37.22205,1.298346,1.030345,1.02001,2020.06.15
2020.06.16,DA000368,2.471811,31.85264,1.302061,1.034564,1.019453,2020.06.16
2020.06.17,DA000368,2.462335,31.21387,1.296716,1.033932,1.018226,2020.06.17
2020.06.18,DA000368,2.457,31.43764,1.253845,1.03356,1.017257,2020.06.18
2020.06.19,DA000368,2.452026,28.78427,1.244381,1.032614,1.01665,2020.06.19
2020.06.22,DA000368,2.450784,29.52397,1.211445,1.032836,1.016818,2020.06.22
2020.06.23,DA000368,2.451569,27.18863,1.185734,1.033134,1.017317,2020.06.23
2020.06.24,DA000368,2.447654,26.51605,1.167232,1.032978,1.017609,2020.06.24
2020.06.25,DA000368,2.436968,28.853,1.188445,1.031409,1.017939,2020.06.25
2020.06.26,DA000368,2.439985,26.43697,1.184949,1.032082,1.017597,2020.06.26
2020.06.29,DA000368,2.431674,29.72718,1.1834,1.029389,1.015936,2020.06.29
2020.06.30,DA000368,2.470582,26.53936,1.199403,1.032347,1.017891,2020.06.30
2020.07.01,DA000368,2.4672,25.45874,1.204797,1.03243,1.018043,2020.07.01
2020.07.02,DA000368,2.473775,23.60768,1.215303,1.031716,1.018016,2020.07.02
2020.07.03,DA000368,2.464593,21.12067,1.204352,1.031697,1.017315,2020.07.03
2020.07.06,DA000368,2.468593,19.25521,1.166624,1.033059,1.016815,2020.07.06
2020.07.07,DA000368,2.457795,20.1058,1.19898,1.033136,1.016083,2020.07.07
2020.07.08,DA000368,2.457907,20.82538,1.188799,1.032378,1.016653,2020.07.08
2020.07.09,DA000368,2.503959,21.71184,1.262388,1.054071,1.038368,2020.07.09
2020.07.10,DA000368,2.500366,22.32631,1.270539,1.053974,1.039121,2020.07.10
2020.07.13,DA000368,2.452574,20.69995,1.270772,1.033799,1.016533,2020.07.13
2020.07.14,DA000368,2.46166,21.34259,1.234818,1.03398,1.016226,2020.07.14
2020.07.15,DA000368,2.459208,20.29825,1.231861,1.034898,1.015732,2020.07.15
2020.07.16,DA000368,2.472483,20.45242,1.241837,1.035805,1.015342,2020.07.16
2020.07.17,DA000368,2.468194,19.81453,1.221544,1.035181,1.014935,2020.07.17
2020.07.20,DA000368,2.467435,19.65615,1.202805,1.034778,1.014663,2020.07.20
2020.07.21,DA000368,2.450051,18.16322,1.23664,1.034937,1.014037,2020.07.21
2020.07.22,DA000368,2.453666,18.33864,1.228957,1.03566,1.014145,2020.07.22
2020.07.27,DA000368,2.454505,19.83792,1.22803,1.034813,1.014369,2020.07.27
2020.07.28,DA000368,2.448537,19.01624,1.245489,1.035149,1.014505,2020.07.28
2020.07.29,DA000368,2.442654,20.78433,1.291253,1.033997,1.014853,2020.07.29
2020.07.30,DA000368,2.43733,19.91763,1.372835,1.034206,1.014981,2020.07.30
2020.07.31,DA000368,2.515903,22.87074,1.476837,1.032344,1.016164,2020.07.31
2020.08.03,DA000368,2.519287,20.97118,1.610803,1.034098,1.016712,2020.08.03
2020.08.04,DA000368,2.528976,18.96688,1.642744,1.03501,1.016982,2020.08.04
2020.08.05,DA000368,2.53038,19.15662,1.648615,1.035495,1.017125,2020.08.05
2020.08.06,DA000368,2.534423,19.05296,1.674229,1.035889,1.017716,2020.08.06
2020.08.07,DA000368,2.53627,19.29195,1.677121,1.035082,1.018338,2020.08.07
2020.08.11,DA000368,2.554831,19.16541,1.710943,1.038296,1.018792,2020.08.11
2020.08.12,DA000368,2.563169,19.47456,1.662132,1.038435,1.019156,2020.08.12
2020.08.13,DA000368,2.551216,19.41539,1.63216,1.038684,1.018622,2020.08.13
2020.08.14,DA000368,2.544833,18.99426,1.551933,1.038033,1.018913,2020.08.14
2020.08.17,DA000368,2.548903,19.92159,1.484958,1.038214,1.018984,2020.08.17
2020.08.18,DA000368,2.541471,19.13522,1.427135,1.036451,1.019096,2020.08.18
2020.08.19,DA000368,2.543548,19.11156,1.382943,1.03685,1.019231,2020.08.19
2020.08.20,DA000368,2.547615,20.41192,1.340729,1.036516,1.019522,2020.08.20
2020.08.21,DA000368,2.547164,19.39062,1.301466,1.03651,1.019523,2020.08.21
2020.08.24,DA000368,2.54248,19.74002,1.26744,1.035788,1.019809,2020.08.24
2020.08.25,DA000368,2.552641,19.10831,1.232624,1.038137,1.020495,2020.08.25
2020.08.26,DA000368,2.550159,19.70239,1.201361,1.038217,1.020326,2020.08.26
2020.08.27,DA000368,2.542056,20.05532,1.189603,1.038084,1.020484,2020.08.27
2020.08.28,DA000368,2.556903,23.08997,1.187588,1.038792,1.019806,2020.08.28
2020.08.31,DA000368,2.263379,20.34969,1.242444,1.040099,1.01879,2020.08.31
2020.09.01,DA000368,2.260121,20.15129,1.222981,1.039997,1.018186,2020.09.01
2020.09.02,DA000368,2.252743,19.44374,1.205249,1.039333,1.018134,2020.09.02
2020.09.03,DA000368,2.254243,19.68901,1.180328,1.039792,1.018429,2020.09.03
2020.09.04,DA000368,2.263262,21.97223,1.139925,1.040442,1.018701,2020.09.04
2020.09.07,DA000368,2.267277,20.74042,1.198018,1.041986,1.018741,2020.09.07
2020.09.08,DA000368,2.265319,19.73478,1.211968,1.042589,1.019146,2020.09.08
2020.09.09,DA000368,2.261954,21.31592,1.186726,1.04184,1.019373,2020.09.09
2020.09.10,DA000368,2.262754,19.03709,1.17062,1.043428,1.019868,2020.09.10
2020.09.11,DA000368,2.258671,17.85777,1.177571,1.043236,1.019759,2020.09.11
2020.09.14,DA000368,2.256486,17.70479,1.312809,1.045519,1.018941,2020.09.14
2020.09.15,DA000368,2.256158,17.98656,1.298595,1.045857,1.018967,2020.09.15
2020.09.16,DA000368,2.246738,18.26541,1.318476,1.044035,1.01844,2020.09.16
2020.09.17,DA000368,2.24741,19.17836,1.278402,1.043072,1.01885,2020.09.17
2020.09.18,DA000368,2.242456,18.58307,1.284181,1.043555,1.017711,2020.09.18
2020.09.23,DA000368,2.237422,19.98021,1.326558,1.041272,1.01757,2020.09.23
2020.09.24,DA000368,2.239613,21.51743,1.314228,1.03951,1.017218,2020.09.24
2020.09.25,DA000368,2.238032,21.2114,1.305584,1.039876,1.016592,2020.09.25
2020.09.28,DA000368,2.238893,20.92667,1.303265,1.040073,1.015571,2020.09.28
2020.09.29,DA000368,2.207383,19.91992,1.343929,1.031369,1.006686,2020.09.29
2020.09.30,DA000368,2.224937,21.03305,1.440893,1.037265,1.016474,2020.09.30
2020.10.02,DA000368,2.231815,23.12076,1.452875,1.038407,1.018498,2020.10.02
2020.10.05,DA000368,2.232778,21.05671,1.430916,1.040261,1.018788,2020.10.05
2020.10.06,DA000368,2.237284,19.40241,1.408168,1.041527,1.018966,2020.10.06
2020.10.07,DA000368,2.238143,19.03506,1.365274,1.041814,1.018816,2020.10.07
2020.10.08,DA000368,2.232473,18.49301,1.326421,1.041879,1.018808,2020.10.08
2020.10.09,DA000368,2.229667,17.79528,1.307549,1.041307,1.019361,2020.10.09
2020.10.12,DA000368,2.227156,17.13565,1.279729,1.041307,1.019745,2020.10.12
2020.10.13,DA000368,2.226702,16.94256,1.276566,1.041397,1.02015,2020.10.13
2020.10.14,DA000368,2.218932,17.38876,1.254963,1.039953,1.02046,2020.10.14
2020.10.15,DA000368,2.224007,17.84677,1.214368,1.04011,1.020947,2020.10.15
2020.10.16,DA000368,2.226445,19.21589,1.213597,1.040152,1.021591,2020.10.16
2020.10.19,DA000368,2.223033,18.72672,1.181034,1.041488,1.022302,2020.10.19
2020.10.20,DA000368,2.218425,19.65361,1.188161,1.041411,1.022788,2020.10.20
2020.10.21,DA000368,2.227315,19.69089,1.174919,1.043178,1.022484,2020.10.21
2020.10.22,DA000368,2.229447,20.96996,1.160317,1.043804,1.021895,2020.10.22
2020.10.23,DA000368,2.234502,20.23853,1.198645,1.044377,1.022081,2020.10.23
2020.10.26,DA000368,2.241385,20.47059,1.197653,1.044426,1.022213,2020.10.26
2020.10.27,DA000368,2.236738,20.70316,1.183528,1.042757,1.0224,2020.10.27
2020.10.28,DA000368,2.218658,21.16597,1.262243,1.040398,1.022066,2020.10.28
2020.10.29,DA000368,2.221023,23.36203,1.358667,1.041023,1.021896,2020.10.29
2020.10.30,DA000368,2.255799,26.34796,1.489134,1.040397,1.02161,2020.10.30
2020.11.02,DA000368,2.26406,24.24812,1.522947,1.040824,1.021443,2020.11.02
2020.11.04,DA000368,2.258073,21.17702,1.525685,1.041768,1.021202,2020.11.04
2020.11.05,DA000368,2.240431,18.17838,1.604141,1.040474,1.018996,2020.11.05
2020.11.06,DA000368,2.244333,18.44975,1.615486,1.040976,1.01961,2020.11.06
2020.11.09,DA000368,2.236825,18.22818,1.669541,1.040977,1.018897,2020.11.09
2020.11.10,DA000368,2.264501,19.58519,1.816174,1.045609,1.022028,2020.11.10
2020.11.11,DA000368,2.270059,18.69967,1.811815,1.046993,1.022623,2020.11.11
2020.11.12,DA000368,2.259332,18.85384,1.772701,1.045973,1.022793,2020.11.12
2020.11.13,DA000368,2.255302,19.19623,1.751072,1.044861,1.023815,2020.11.13
2020.11.16,DA000368,2.257815,19.2659,1.720077,1.047086,1.024605,2020.11.16
2020.11.17,DA000368,2.269892,19.13892,1.696342,1.048569,1.025795,2020.11.17
2020.11.18,DA000368,2.267715,18.83007,1.631048,1.047512,1.025972,2020.11.18
2020.11.19,DA000368,2.26523,18.30054,1.620597,1.045847,1.025981,2020.11.19
2020.11.20,DA000368,2.263359,18.28998,1.571247,1.046629,1.02542,2020.11.20
2020.11.24,DA000368,2.255477,17.97275,1.559347,1.047879,1.024483,2020.11.24
2020.11.25,DA000368,2.252151,19.17091,1.591507,1.04857,1.024439,2020.11.25
2020.11.26,DA000368,2.240324,17.95734,1.563812,1.048247,1.024059,2020.11.26
2020.11.27,DA000368,2.234422,18.05253,1.535382,1.048374,1.023957,2020.11.27
2020.11.30,DA000368,2.032064,18.77207,1.577194,1.051284,1.028527,2020.11.30
2020.12.01,DA000368,2.034037,18.56472,1.58001,1.053036,1.029657,2020.12.01
2020.12.02,DA000368,2.044395,18.06979,1.555201,1.054284,1.03055,2020.12.02
2020.12.03,DA000368,2.045433,17.82385,1.532863,1.056376,1.032114,2020.12.03
2020.12.04,DA000368,2.049075,16.83263,1.532533,1.057,1.032075,2020.12.04
2020.12.07,DA000368,2.055653,17.20398,1.487297,1.05598,1.032079,2020.12.07
2020.12.08,DA000368,2.026487,16.5403,1.446816,1.041764,1.019192,2020.12.08
2020.12.09,DA000368,2.04884,16.38387,1.48916,1.056265,1.031405,2020.12.09
2020.12.10,DA000368,2.049942,16.60647,1.623367,1.056072,1.030024,2020.12.10
2020.12.11,DA000368,2.053218,15.88747,1.620595,1.054143,1.028753,2020.12.11
2020.12.14,DA000368,2.057162,16.42605,1.590262,1.054611,1.028111,2020.12.14
2020.12.15,DA000368,2.054376,16.3939,1.559359,1.054894,1.02854,2020.12.15
2020.12.16,DA000368,2.055577,15.99426,1.523106,1.055382,1.028813,2020.12.16
2020.12.17,DA000368,2.047843,15.50214,1.58591,1.053573,1.028136,2020.12.17
2020.12.18,DA000368,2.052256,15.42078,1.608109,1.053673,1.027703,2020.12.18
2020.12.21,DA000368,2.052029,16.2924,1.584443,1.054115,1.027358,2020.12.21
2020.12.22,DA000368,2.055032,18.60326,1.54446,1.053745,1.027253,2020.12.22
2020.12.23,DA000368,2.045158,17.43136,1.488047,1.052264,1.028029,2020.12.23
2020.12.24,DA000368,2.046771,16.27828,1.419431,1.052698,1.021333,2020.12.24
2020.12.25,DA000368,2.051945,15.89796,1.354812,1.052991,1.021877,2020.12.25
2020.12.28,DA000368,2.049221,16.06921,1.334723,1.052217,1.020951,2020.12.28
2020.12.29,DA000368,2.039218,16.15308,1.308656,1.051754,1.019331,2020.12.29
2020.12.30,DA000368,2.041717,16.4209,1.260055,1.052716,1.020754,2020.12.30
2021.01.04,DA000368,1.972545,17.51021,1.317434,1.05167,1.021198,2021.01.04
2021.01.05,DA000368,1.971842,18.11856,1.324897,1.052191,1.021108,2021.01.05
2021.01.06,DA000368,1.985712,17.80016,1.334438,1.053298,1.021058,2021.01.06
2021.01.07,DA000368,1.990837,16.83384,1.421599,1.05517,1.020974,2021.01.07
2021.01.08,DA000368,1.988178,16.93364,1.446336,1.055139,1.021304,2021.01.08
2021.01.12,DA000368,1.990406,17.54277,1.548553,1.055595,1.021865,2021.01.12
2021.01.13,DA000368,1.991288,17.06333,1.562072,1.056925,1.02251,2021.01.13
2021.01.14,DA000368,1.990252,17.8769,1.601559,1.05607,1.022939,2021.01.14
2021.01.15,DA000368,1.994337,18.75225,1.58838,1.055817,1.022968,2021.01.15
2021.01.18,DA000368,1.988482,19.69131,1.554982,1.054867,1.023014,2021.01.18
2021.01.19,DA000368,1.984898,18.64961,1.530741,1.056315,1.022946,2021.01.19
2021.01.20,DA000368,1.987738,19.09202,1.499263,1.057648,1.022676,2021.01.20
2021.01.21,DA000368,1.983385,17.32372,1.480729,1.058232,1.022479,2021.01.21
2021.01.22,DA000368,1.981448,17.03661,1.473717,1.057183,1.022412,2021.01.22
2021.01.25,DA000368,1.983161,16.80655,1.475201,1.05722,1.022728,2021.01.25
2021.01.26,DA000368,1.9879,18.33675,1.488537,1.056799,1.023125,2021.01.26
2021.01.27,DA000368,1.987752,17.93082,1.541707,1.056968,1.023176,2021.01.27
2021.01.28,DA000368,1.991548,21.80966,1.543554,1.057453,1.022949,2021.01.28
2021.01.29,DA000368,1.96361,22.80385,1.564783,1.058051,1.023741,2021.01.29
2021.02.01,DA000368,1.960367,20.35662,1.646432,1.059679,1.02375,2021.02.01
2021.02.02,DA000368,1.95637,18.7671,1.642451,1.061068,1.023645,2021.02.02
2021.02.03,DA000368,1.963012,17.03003,1.665419,1.06189,1.023259,2021.02.03
2021.02.04,DA000368,1.968261,17.70452,1.759981,1.061866,1.023197,2021.02.04
2021.02.05,DA000368,1.966936,16.67572,1.834998,1.062817,1.022859,2021.02.05
2021.02.08,DA000368,1.970173,17.09884,1.866108,1.063634,1.022816,2021.02.08
2021.02.09,DA000368,1.964593,17.47133,1.874384,1.063194,1.022729,2021.02.09
2021.02.10,DA000368,1.965111,17.77974,1.880846,1.063483,1.02269,2021.02.10
2021.02.12,DA000368,1.968206,17.722,1.96746,1.063738,1.022935,2021.02.12
2021.02.15,DA000368,1.966371,17.77264,1.922207,1.064153,1.023224,2021.02.15
2021.02.16,DA000368,1.967599,19.00149,1.895331,1.064324,1.023821,2021.02.16
2021.02.17,DA000368,1.972706,18.54114,1.851622,1.065665,1.023974,2021.02.17
2021.02.18,DA000368,1.968195,18.14513,1.802577,1.063709,1.023943,2021.02.18
2021.02.19,DA000368,1.96864,18.99492,1.743477,1.063248,1.023766,2021.02.19
2021.02.22,DA000368,1.972676,19.29314,1.702242,1.065244,1.023982,2021.02.22
2021.02.24,DA000368,1.988522,20.43499,1.731272,1.06626,1.024138,2021.02.24
2021.02.25,DA000368,1.987497,18.19849,1.730026,1.067206,1.024465,2021.02.25
2021.02.26,DA000368,1.948948,21.55898,1.696987,1.065726,1.023847,2021.02.26
2021.03.01,DA000368,1.944624,19.88543,1.737698,1.066613,1.023365,2021.03.01
2021.03.02,DA000368,1.943926,18.8513,1.683276,1.066356,1.023004,2021.03.02
2021.03.03,DA000368,1.949884,17.5251,1.662123,1.067709,1.022721,2021.03.03
2021.03.04,DA000368,1.957523,19.47039,1.607382,1.067365,1.022325,2021.03.04
2021.03.05,DA000368,1.958398,19.89593,1.633128,1.066112,1.021698,2021.03.05
2021.03.08,DA000368,1.973578,20.04186,1.608022,1.066525,1.021426,2021.03.08
2021.03.09,DA000368,1.980849,18.69095,1.619539,1.067027,1.021167,2021.03.09
2021.03.10,DA000368,1.981048,18.42447,1.591851,1.067251,1.021305,2021.03.10
2021.03.11,DA000368,1.98039,17.39697,1.57245,1.067707,1.021491,2021.03.11
2021.03.12,DA000368,1.972085,16.22307,1.549923,1.068073,1.020844,2021.03.12
2021.03.15,DA000368,1.98049,16.51578,1.5243,1.067488,1.021013,2021.03.15
2021.03.16,DA000368,1.97512,15.85926,1.487305,1.066267,1.020352,2021.03.16
2021.03.17,DA000368,1.976706,15.8149,1.457405,1.065607,1.019774,2021.03.17
2021.03.18,DA000368,1.980735,15.08549,1.491457,1.066121,1.019133,2021.03.18
2021.03.19,DA000368,1.989481,16.33842,1.51418,1.066527,1.019113,2021.03.19
2021.03.22,DA000368,1.996384,17.73884,1.529668,1.065282,1.01836,2021.03.22
2021.03.23,DA000368,1.996039,17.31928,1.483649,1.063984,1.017939,2021.03.23
2021.03.24,DA000368,1.993808,18.51345,1.473568,1.061604,1.018083,2021.03.24
2021.03.25,DA000368,1.997671,16.29194,1.43464,1.061916,1.018243,2021.03.25
2021.03.26,DA000368,1.995575,15.41756,1.398398,1.062049,1.01794,2021.03.26
2021.03.29,DA000368,1.989187,16.6189,1.39814,1.060815,1.017896,2021.03.29
2021.03.30,DA000368,1.964194,15.08236,1.367227,1.052919,1.008677,2021.03.30
2021.03.31,DA000368,1.86596,15.1845,1.524666,1.062462,1.017966,2021.03.31
2021.04.01,DA000368,1.860492,14.26998,1.534714,1.062046,1.01836,2021.04.01
2021.04.02,DA000368,1.850301,14.05128,1.509611,1.063371,1.01873,2021.04.02
2021.04.05,DA000368,1.857149,13.70339,1.441846,1.063986,1.018383,2021.04.05
2021.04.06,DA000368,1.856812,13.56223,1.40478,1.063738,1.018245,2021.04.06
2021.04.07,DA000368,1.857382,13.29535,1.394891,1.064344,1.018186,2021.04.07
2021.04.08,DA000368,1.851885,12.76749,1.387858,1.064463,1.019074,2021.04.08
2021.04.09,DA000368,1.850557,12.58753,1.384264,1.063919,1.019165,2021.04.09
2021.04.12,DA000368,1.854082,12.84413,1.356712,1.063695,1.019025,2021.04.12
2021.04.13,DA000368,1.853461,12.21289,1.337402,1.064463,1.018762,2021.04.13
2021.04.14,DA000368,1.851304,12.41905,1.331811,1.063826,1.019084,2021.04.14
2021.04.15,DA000368,1.854656,12.82889,1.301336,1.064419,1.019499,2021.04.15
2021.04.16,DA000368,1.854608,12.96879,1.268385,1.064253,1.019811,2021.04.16
2021.04.19,DA000368,1.855813,13.50577,1.247403,1.064726,1.019925,2021.04.19
2021.04.20,DA000368,1.857929,14.80056,1.23529,1.0638,1.020224,2021.04.20
2021.04.21,DA000368,1.859739,16.61261,1.210231,1.062391,1.020212,2021.04.21
2021.04.22,DA000368,1.852307,14.34423,1.189057,1.063065,1.019736,2021.04.22
2021.04.23,DA000368,1.85422,14.72372,1.190676,1.062175,1.019669,2021.04.23
2021.04.26,DA000368,1.851691,14.64252,1.192395,1.063397,1.019672,2021.04.26
2021.04.27,DA000368,1.855044,14.69199,1.195157,1.063769,1.020326,2021.04.27
2021.04.28,DA000368,1.857544,14.46336,1.255757,1.064058,1.020974,2021.04.28
2021.04.30,DA000368,1.927022,14.66515,1.49771,1.063355,1.021481,2021.04.30
2021.05.06,DA000368,1.933185,14.60169,1.561414,1.064858,1.021947,2021.05.06
2021.05.07,DA000368,1.93874,13.85564,1.521821,1.065845,1.022521,2021.05.07
2021.05.10,DA000368,1.938504,13.71074,1.519188,1.066472,1.022569,2021.05.10
2021.05.11,DA000368,1.950464,17.10289,1.530641,1.064871,1.022206,2021.05.11
2021.05.12,DA000368,1.953429,19.78673,1.641799,1.063808,1.02232,2021.05.12
2021.05.13,DA000368,1.966302,21.24455,1.750814,1.062395,1.021755,2021.05.13
2021.05.14,DA000368,1.963911,18.04353,1.755482,1.061321,1.021328,2021.05.14
2021.05.17,DA000368,1.967312,19.62207,1.831358,1.060717,1.020915,2021.05.17
2021.05.18,DA000368,1.96527,17.7826,1.793373,1.062611,1.0208,2021.05.18
2021.05.19,DA000368,1.967513,19.21987,1.748306,1.061094,1.020721,2021.05.19
2021.05.20,DA000368,1.964578,18.49609,1.683457,1.061824,1.020623,2021.05.20
2021.05.21,DA000368,1.960764,17.2145,1.612101,1.061476,1.020449,2021.05.21
2021.05.24,DA000368,1.964391,17.36761,1.539564,1.061967,1.020716,2021.05.24
2021.05.25,DA000368,1.960891,15.94536,1.483678,1.062161,1.021039,2021.05.25
2021.05.26,DA000368,1.955648,15.71078,1.432227,1.06246,1.021207,2021.05.26
2021.05.27,DA000368,1.955315,15.23804,1.483564,1.061585,1.021697,2021.05.27
2021.05.28,DA000368,1.953066,14.8577,1.464771,1.063296,1.022003,2021.05.28
2021.05.31,DA000368,1.976082,15.10684,1.416036,1.062456,1.021836,2021.05.31
2021.06.01,DA000368,1.977963,15.48872,1.391272,1.063505,1.021739,2021.06.01
2021.06.02,DA000368,1.979691,15.45145,1.424059,1.0651,1.022005,2021.06.02
2021.06.03,DA000368,1.978925,15.36394,1.416168,1.06482,1.021329,2021.06.03
2021.06.04,DA000368,1.982505,15.81998,1.39263,1.065102,1.020999,2021.06.04
2021.06.07,DA000368,1.981535,15.3417,1.360766,1.064256,1.020911,2021.06.07
2021.06.08,DA000368,1.98156,15.05947,1.366381,1.063462,1.020801,2021.06.08
2021.06.09,DA000368,1.981467,15.11775,1.36896,1.063518,1.020955,2021.06.09
2021.06.10,DA000368,1.978372,15.2719,1.334763,1.063608,1.02084,2021.06.10
2021.06.11,DA000368,1.976386,13.79668,1.308219,1.062242,1.02109,2021.06.11
2021.06.14,DA000368,1.97096,13.34866,1.307394,1.062682,1.021211,2021.06.14
2021.06.15,DA000368,1.968526,13.44279,1.280401,1.062276,1.021076,2021.06.15
2021.06.16,DA000368,1.971138,13.99568,1.240423,1.062696,1.021233,2021.06.16
2021.06.17,DA000368,1.975088,14.32722,1.245572,1.062567,1.020735,2021.06.17
2021.06.18,DA000368,1.967802,14.22622,1.311162,1.061209,1.020859,2021.06.18
2021.06.21,DA000368,1.96922,18.49216,1.337842,1.059382,1.021661,2021.06.21
2021.06.22,DA000368,1.969736,15.44662,1.321338,1.060241,1.019827,2021.06.22
2021.06.23,DA000368,1.967418,14.63387,1.309762,1.060188,1.019776,2021.06.23
2021.06.24,DA000368,1.970672,14.1988,1.273741,1.06018,1.020127,2021.06.24
2021.06.25,DA000368,1.969042,13.83064,1.244608,1.060793,1.020013,2021.06.25
2021.06.28,DA000368,1.970654,13.60568,1.199512,1.060633,1.019603,2021.06.28
2021.06.29,DA000368,1.961613,13.65132,1.175217,1.058235,1.018551,2021.06.29
2021.06.30,DA000368,1.958051,13.19967,1.18377,1.059298,1.019643,2021.06.30
2021.07.01,DA000368,1.958729,13.51376,1.171623,1.059335,1.019908,2021.07.01
2021.07.02,DA000368,1.959396,13.12619,1.15464,1.059657,1.019734,2021.07.02
2021.07.05,DA000368,1.957817,12.33528,1.137966,1.059209,1.019441,2021.07.05
2021.07.06,DA000368,1.95812,12.38108,1.117261,1.059297,1.019444,2021.07.06
2021.07.07,DA000368,1.953415,13.40423,1.109703,1.058129,1.01989,2021.07.07
2021.07.08,DA000368,1.991264,14.83298,1.149592,1.078063,1.039524,2021.07.08
2021.07.09,DA000368,1.993822,14.7572,1.134177,1.077836,1.039638,2021.07.09
2021.07.12,DA000368,1.95198,13.59002,1.120981,1.058613,1.019708,2021.07.12
2021.07.13,DA000368,1.956965,13.14169,1.096591,1.058955,1.019911,2021.07.13
2021.07.14,DA000368,1.957801,13.72072,1.134152,1.058074,1.019598,2021.07.14
2021.07.15,DA000368,1.961148,14.54799,1.115302,1.057933,1.01983,2021.07.15
2021.07.16,DA000368,1.963424,14.96683,1.095011,1.05855,1.02035,2021.07.16
2021.07.19,DA000368,1.966912,16.41716,1.070642,1.056991,1.020977,2021.07.19
2021.07.20,DA000368,1.966898,16.8129,1.050404,1.055637,1.021796,2021.07.20
2021.07.21,DA000368,1.963488,16.451,1.019346,1.056268,1.021894,2021.07.21
2021.07.26,DA000368,1.962034,16.27178,1.056126,1.056697,1.021959,2021.07.26
2021.07.27,DA000368,1.961739,15.73287,1.040337,1.05709,1.022085,2021.07.27
2021.07.28,DA000368,1.968033,17.40022,1.056182,1.056408,1.022226,2021.07.28
2021.07.29,DA000368,1.961331,15.74315,1.137412,1.057819,1.021872,2021.07.29
2021.07.30,DA000368,2.088737,17.06583,1.30117,1.058116,1.021671,2021.07.30
2021.08.02,DA000368,2.091313,16.18632,1.37031,1.058122,1.020927,2021.08.02
2021.08.03,DA000368,2.091238,16.14975,1.365289,1.058187,1.021034,2021.08.03
2021.08.04,DA000368,2.089992,15.56844,1.424081,1.058285,1.021358,2021.08.04
2021.08.05,DA000368,2.088214,14.8835,1.453201,1.058122,1.021886,2021.08.05
2021.08.06,DA000368,2.087021,14.61817,1.469505,1.058722,1.022035,2021.08.06
2021.08.10,DA000368,2.082399,14.66288,1.484555,1.058759,1.022021,2021.08.10
2021.08.11,DA000368,2.090126,14.63902,1.469997,1.059431,1.022347,2021.08.11
2021.08.12,DA000368,2.092758,14.74057,1.448523,1.059609,1.022631,2021.08.12
2021.08.13,DA000368,2.088406,13.97234,1.442671,1.059336,1.022612,2021.08.13
2021.08.16,DA000368,2.090866,15.2743,1.408495,1.058604,1.022538,2021.08.16
2021.08.17,DA000368,2.094067,15.42156,1.361591,1.057856,1.022434,2021.08.17
2021.08.18,DA000368,2.092798,14.36343,1.342975,1.057841,1.022687,2021.08.18
2021.08.19,DA000368,2.08974,15.77034,1.359659,1.056017,1.023098,2021.08.19
2021.08.20,DA000368,2.087671,16.29776,1.354366,1.053278,1.023647,2021.08.20
2021.08.23,DA000368,2.081978,14.81573,1.352064,1.053681,1.023114,2021.08.23
2021.08.24,DA000368,2.075011,14.26429,1.334141,1.054444,1.022409,2021.08.24
2021.08.25,DA000368,2.073818,14.3494,1.322716,1.055132,1.02224,2021.08.25
2021.08.26,DA000368,2.07459,14.29389,1.284285,1.05496,1.022333,2021.08.26
2021.08.27,DA000368,2.075516,14.04042,1.252231,1.055345,1.023247,2021.08.27
2021.08.30,DA000368,2.075219,13.69997,1.208021,1.055763,1.022552,2021.08.30
2021.08.31,DA000368,2.069611,12.86842,1.190092,1.05613,1.022285,2021.08.31
2021.09.01,DA000368,2.071794,13.07308,1.194813,1.055995,1.022631,2021.09.01
2021.09.02,DA000368,2.070037,13.88966,1.206086,1.055178,1.022939,2021.09.02
2021.09.03,DA000368,2.068316,14.69816,1.230054,1.055828,1.023137,2021.09.03
2021.09.06,DA000368,2.066808,15.52248,1.254829,1.056166,1.023217,2021.09.06
2021.09.07,DA000368,2.062112,15.86624,1.336043,1.055802,1.023126,2021.09.07
2021.09.08,DA000368,2.059796,16.05958,1.347176,1.056298,1.022927,2021.09.08
2021.09.09,DA000368,2.061548,16.31387,1.336176,1.055453,1.022454,2021.09.09
2021.09.10,DA000368,2.059248,15.68088,1.332435,1.05594,1.021911,2021.09.10
2021.09.13,DA000368,2.059919,15.73256,1.304897,1.055904,1.021756,2021.09.13
2021.09.14,DA000368,2.060361,15.49287,1.300604,1.057026,1.021891,2021.09.14
2021.09.15,DA000368,2.059789,14.88451,1.336123,1.056206,1.021959,2021.09.15
2021.09.16,DA000368,2.063999,14.91465,1.326725,1.05562,1.022187,2021.09.16
2021.09.17,DA000368,2.061738,15.08335,1.322769,1.055484,1.022149,2021.09.17
2021.09.21,DA000368,2.060388,17.59765,1.320586,1.054639,1.02154,2021.09.21
2021.09.22,DA000368,2.060827,18.0565,1.32486,1.054517,1.021121,2021.09.22
2021.09.24,DA000368,2.061586,15.63526,1.344911,1.055405,1.020742,2021.09.24
2021.09.27,DA000368,2.06829,15.68146,1.367602,1.055983,1.021118,2021.09.27
2021.09.28,DA000368,2.077721,15.81544,1.336262,1.057164,1.021096,2021.09.28
2021.09.29,DA000368,2.056743,16.58216,1.335806,1.047496,1.012115,2021.09.29
2021.09.30,DA000368,2.007786,15.95934,1.436951,1.054013,1.020186,2021.09.30
2021.10.01,DA000368,2.007662,17.83266,1.42159,1.052911,1.020266,2021.10.01
2021.10.04,DA000368,2.014707,17.77002,1.453885,1.05247,1.021313,2021.10.04
2021.10.05,DA000368,2.025717,18.30657,1.431945,1.051475,1.020433,2021.10.05
2021.10.06,DA000368,2.035551,19.09689,1.49094,1.049352,1.01986,2021.10.06
2021.10.07,DA000368,2.032275,17.15377,1.476092,1.049427,1.020074,2021.10.07
2021.10.08,DA000368,2.026295,16.66754,1.427828,1.049879,1.020016,2021.10.08
2021.10.11,DA000368,2.023245,16.46266,1.404501,1.051049,1.020034,2021.10.11
2021.10.12,DA000368,2.030368,17.31152,1.354128,1.051295,1.020054,2021.10.12
2021.10.13,DA000368,2.028502,16.91622,1.339419,1.050997,1.020386,2021.10.13
2021.10.14,DA000368,2.017849,15.9615,1.305111,1.051543,1.020256,2021.10.14
2021.10.15,DA000368,2.013237,15.11938,1.302079,1.052492,1.019895,2021.10.15
2021.10.18,DA000368,2.019805,15.68784,1.276978,1.053493,1.020103,2021.10.18
2021.10.19,DA000368,2.010999,14.93478,1.254539,1.053406,1.020392,2021.10.19
2021.10.20,DA000368,2.010828,15.25343,1.250409,1.053552,1.020618,2021.10.20
2021.10.21,DA000368,2.015735,16.50045,1.230879,1.052583,1.020659,2021.10.21
2021.10.22,DA000368,2.01045,15.87308,1.204484,1.05308,1.020389,2021.10.22
2021.10.25,DA000368,2.007603,16.83552,1.239965,1.05354,1.02033,2021.10.25
2021.10.26,DA000368,2.006142,16.02696,1.28943,1.054237,1.020308,2021.10.26
2021.10.27,DA000368,2.00801,16.10582,1.303904,1.053879,1.020747,2021.10.27
2021.10.28,DA000368,2.007387,16.56129,1.309858,1.05363,1.021281,2021.10.28
2021.10.29,DA000368,2.072317,16.85305,1.43953,1.050541,1.019329,2021.10.29
2021.11.01,DA000368,2.068377,15.66493,1.503727,1.051222,1.01915,2021.11.01
2021.11.02,DA000368,2.065825,15.57501,1.523774,1.051466,1.018705,2021.11.02
2021.11.04,DA000368,2.061354,15.19037,1.597354,1.052405,1.018642,2021.11.04
2021.11.05,DA000368,2.054225,15.43387,1.616445,1.05191,1.018775,2021.11.05
2021.11.08,DA000368,2.054272,15.40994,1.645443,1.052829,1.018953,2021.11.08
2021.11.09,DA000368,2.053254,15.77656,1.667414,1.052534,1.018659,2021.11.09
2021.11.10,DA000368,2.054915,16.28839,1.649732,1.051849,1.018773,2021.11.10
2021.11.11,DA000368,2.054914,15.9195,1.622962,1.052494,1.019009,2021.11.11
2021.11.12,DA000368,2.054447,15.10855,1.611228,1.053251,1.01883,2021.11.12
2021.11.15,DA000368,2.048832,14.9203,1.602818,1.053251,1.018537,2021.11.15
2021.11.16,DA000368,2.048018,14.64327,1.58468,1.052756,1.018259,2021.11.16
2021.11.17,DA000368,2.046008,14.57876,1.577122,1.052917,1.018369,2021.11.17
2021.11.18,DA000368,2.042537,14.76926,1.550701,1.052913,1.018199,2021.11.18
2021.11.19,DA000368,2.042281,14.48612,1.560795,1.053461,1.018387,2021.11.19
2021.11.22,DA000368,2.041847,14.64151,1.527915,1.052984,1.018512,2021.11.22
2021.11.24,DA000368,2.05465,15.31165,1.510281,1.052017,1.018503,2021.11.24
2021.11.25,DA000368,2.057356,14.87657,1.47408,1.051987,1.018483,2021.11.25
2021.11.26,DA000368,2.059681,17.38174,1.412651,1.05037,1.01862,2021.11.26
2021.11.29,DA000368,2.058818,21.16786,1.405809,1.048975,1.017753,2021.11.29
2021.11.30,DA000368,2.252764,22.42256,1.466206,1.048285,1.017366,2021.11.30
2021.12.01,DA000368,2.257247,19.0746,1.474882,1.048578,1.017083,2021.12.01
2021.12.02,DA000368,2.265957,19.9687,1.462394,1.046943,1.01642,2021.12.02
2021.12.03,DA000368,2.267689,18.93741,1.433502,1.047696,1.016399,2021.12.03
2021.12.06,DA000368,2.276897,21.82493,1.442986,1.047122,1.016415,2021.12.06
2021.12.07,DA000368,2.277112,20.08429,1.414965,1.048321,1.016068,2021.12.07
2021.12.08,DA000368,2.266917,15.75886,1.434208,1.048817,1.015977,2021.12.08
2021.12.09,DA000368,2.267262,15.62699,1.378053,1.048071,1.016106,2021.12.09
2021.12.10,DA000368,2.272771,15.60188,1.351365,1.047533,1.016455,2021.12.10
2021.12.13,DA000368,2.272891,14.9154,1.353626,1.047399,1.016516,2021.12.13
2021.12.14,DA000368,2.280103,15.52106,1.326148,1.045995,1.016652,2021.12.14
2021.12.15,DA000368,2.278917,15.2888,1.375911,1.046623,1.01658,2021.12.15
2021.12.16,DA000368,2.275996,13.66207,1.384614,1.046754,1.016654,2021.12.16
2021.12.17,DA000368,2.288865,15.18925,1.364681,1.045941,1.017299,2021.12.17
2021.12.20,DA000368,2.288276,18.53092,1.33949,1.044287,1.016679,2021.12.20
2021.12.21,DA000368,2.285915,16.12017,1.297857,1.044977,1.016698,2021.12.21
2021.12.22,DA000368,2.282812,15.81969,1.271178,1.045575,1.016496,2021.12.22
2021.12.23,DA000368,2.282547,14.55206,1.246321,1.046648,1.016492,2021.12.23
2021.12.24,DA000368,2.279898,14.25426,1.202812,1.047233,1.016372,2021.12.24
2021.12.27,DA000368,2.282164,14.87928,1.180093,1.047291,1.016394,2021.12.27
2021.12.28,DA000368,2.278113,14.41548,1.15263,1.047535,1.01615,2021.12.28
2021.12.29,DA000368,2.276138,14.33203,1.120407,1.045343,1.013671,2021.12.29
2021.12.30,DA000368,2.275879,14.53562,1.069134,1.047323,1.01533,2021.12.30
2022.01.04,DA000368,2.17954,14.11431,1.204297,1.048057,1.015449,2022.01.04
2022.01.05,DA000368,2.196309,13.96447,1.379519,1.04963,1.016747,2022.01.05
2022.01.06,DA000368,2.217259,16.03689,1.398488,1.048159,1.01635,2022.01.06
2022.01.07,DA000368,2.227822,15.3884,1.411383,1.048443,1.016225,2022.01.07
2022.01.11,DA000368,2.245207,16.3276,1.513518,1.046583,1.0154,2022.01.11
2022.01.12,DA000368,2.238244,14.89802,1.511673,1.048121,1.015141,2022.01.12
2022.01.13,DA000368,2.25408,15.16119,1.54201,1.048298,1.014979,2022.01.13
2022.01.14,DA000368,2.264577,16.81734,1.542067,1.04688,1.014769,2022.01.14
2022.01.17,DA000368,2.265415,16.36769,1.506101,1.046932,1.014549,2022.01.17
2022.01.18,DA000368,2.259517,16.73739,1.472539,1.046414,1.014367,2022.01.18
2022.01.19,DA000368,2.272701,19.06685,1.546714,1.043665,1.013394,2022.01.19
2022.01.20,DA000368,2.262584,18.06373,1.575821,1.042897,1.013666,2022.01.20
2022.01.21,DA000368,2.26428,19.81902,1.565712,1.040411,1.013975,2022.01.21
2022.01.24,DA000368,2.272531,19.58772,1.519718,1.03955,1.013846,2022.01.24
2022.01.25,DA000368,2.281759,21.63186,1.544358,1.036684,1.01408,2022.01.25
2022.01.26,DA000368,2.28162,20.86861,1.561055,1.036983,1.014487,2022.01.26
2022.01.27,DA000368,2.304035,23.10511,1.577644,1.034082,1.014624,2022.01.27
2022.01.28,DA000368,2.301374,20.40955,1.636703,1.034598,1.014565,2022.01.28
2022.01.31,DA000368,2.299898,19.02985,1.664613,1.036761,1.014594,2022.01.31
2022.02.01,DA000368,2.298687,18.49028,1.719631,1.036239,1.014465,2022.02.01
2022.02.02,DA000368,2.290092,16.58448,1.760552,1.037906,1.013372,2022.02.02
2022.02.03,DA000368,2.304421,17.23859,1.811545,1.036475,1.013535,2022.02.03
2022.02.04,DA000368,2.306156,17.65589,1.805484,1.036468,1.013595,2022.02.04
2022.02.07,DA000368,2.315257,18.51484,1.785317,1.035314,1.013945,2022.02.07
2022.02.08,DA000368,2.320036,17.87033,1.754513,1.034757,1.013843,2022.02.08
2022.02.09,DA000368,2.310628,16.79545,1.765088,1.036863,1.013689,2022.02.09
2022.02.10,DA000368,2.307379,16.87668,1.811114,1.037163,1.013337,2022.02.10
2022.02.14,DA000368,2.321256,20.37746,1.822333,1.035371,1.012897,2022.02.14
2022.02.15,DA000368,2.320486,21.52542,1.858026,1.03341,1.012055,2022.02.15
2022.02.16,DA000368,2.319745,18.6355,1.808251,1.034279,1.012259,2022.02.16
2022.02.17,DA000368,2.327258,19.95829,1.775348,1.032796,1.012113,2022.02.17
2022.02.18,DA000368,2.32922,19.36753,1.706946,1.032164,1.012037,2022.02.18
2022.02.21,DA000368,2.334366,19.83761,1.643888,1.031149,1.012304,2022.02.21
2022.02.22,DA000368,2.333324,20.95636,1.59577,1.030017,1.012432,2022.02.22
2022.02.24,DA000368,2.332878,22.01248,1.674856,1.0295,1.012865,2022.02.24
2022.02.25,DA000368,2.317619,19.30929,1.686761,1.032253,1.012376,2022.02.25
2022.02.28,DA000368,2.398436,20.04604,1.711244,1.031788,1.012297,2022.02.28
2022.03.01,DA000368,2.394199,19.27203,1.694554,1.032269,1.011599,2022.03.01
2022.03.02,DA000368,2.396516,20.59883,1.676058,1.031107,1.012548,2022.03.02
2022.03.03,DA000368,2.406048,19.43055,1.64701,1.031123,1.012774,2022.03.03
2022.03.04,DA000368,2.41593,21.26121,1.619479,1.028991,1.012603,2022.03.04
2022.03.07,DA000368,2.430007,22.73266,1.648534,1.023639,1.012381,2022.03.07
2022.03.08,DA000368,2.412407,22.40331,1.738728,1.02203,1.0127,2022.03.08
2022.03.09,DA000368,2.418789,22.81592,1.765879,1.021453,1.012248,2022.03.09
2022.03.10,DA000368,2.413891,22.07042,1.758713,1.024872,1.012438,2022.03.10
2022.03.11,DA000368,2.431875,22.14742,1.713819,1.02238,1.012469,2022.03.11
2022.03.14,DA000368,2.439642,22.56942,1.677753,1.023799,1.012595,2022.03.14
2022.03.15,DA000368,2.43642,22.19739,1.669334,1.023997,1.012901,2022.03.15
2022.03.16,DA000368,2.428556,21.10872,1.654202,1.025349,1.012925,2022.03.16
2022.03.17,DA000368,2.415691,20.77568,1.615264,1.02848,1.012379,2022.03.17
2022.03.18,DA000368,2.415241,19.79378,1.582589,1.028564,1.011873,2022.03.18
2022.03.22,DA000368,2.425933,19.1861,1.622394,1.028433,1.012527,2022.03.22
2022.03.23,DA000368,2.413199,19.23276,1.611898,1.029495,1.012009,2022.03.23
2022.03.24,DA000368,2.407616,19.24647,1.628864,1.030182,1.012175,2022.03.24
2022.03.25,DA000368,2.408576,19.50737,1.556761,1.030009,1.012206,2022.03.25
2022.03.28,DA000368,2.412593,19.96155,1.507539,1.02904,1.012368,2022.03.28
2022.03.29,DA000368,2.408668,18.54731,1.485794,1.029822,1.012052,2022.03.29
2022.03.30,DA000368,2.365017,17.73209,1.447188,1.021343,1.001626,2022.03.30
2022.03.31,DA000368,2.316155,17.65529,1.447839,1.032003,1.012181,2022.03.31
2022.04.01,DA000368,2.316124,17.11246,1.436652,1.030106,1.012497,2022.04.01
2022.04.04,DA000368,2.313732,15.12904,1.429112,1.029881,1.0122,2022.04.04
2022.04.05,DA000368,2.305023,14.92687,1.41294,1.030357,1.011914,2022.04.05
2022.04.06,DA000368,2.305587,16.25297,1.401213,1.028326,1.012044,2022.04.06
2022.04.07,DA000368,2.312361,18.32858,1.394652,1.025979,1.012717,2022.04.07
2022.04.08,DA000368,2.309925,16.95364,1.487941,1.025146,1.013236,2022.04.08
2022.04.11,DA000368,2.32394,17.41502,1.474254,1.023225,1.013487,2022.04.11
2022.04.12,DA000368,2.330951,18.6566,1.444465,1.020894,1.013653,2022.04.12
2022.04.13,DA000368,2.323339,17.02466,1.440113,1.023186,1.013594,2022.04.13
2022.04.14,DA000368,2.324916,16.34877,1.396087,1.023786,1.014143,2022.04.14
2022.04.15,DA000368,2.332055,17.01632,1.349226,1.022385,1.014588,2022.04.15
2022.04.18,DA000368,2.337435,18.55362,1.294997,1.020311,1.015168,2022.04.18
2022.04.19,DA000368,2.341804,17.75482,1.272621,1.020078,1.015801,2022.04.19
2022.04.20,DA000368,2.344018,17.67382,1.283115,1.018214,1.015575,2022.04.20
2022.04.21,DA000368,2.338649,17.55485,1.261309,1.020071,1.015761,2022.04.21
2022.04.22,DA000368,2.342789,18.65286,1.228626,1.018529,1.016121,2022.04.22
2022.04.25,DA000368,2.34539,22.39541,1.283717,1.016298,1.016458,2022.04.25
2022.04.26,DA000368,2.338529,20.88239,1.284482,1.01657,1.015866,2022.04.26
2022.04.27,DA000368,2.341337,21.69407,1.375324,1.015644,1.016141,2022.04.27
2022.04.28,DA000368,2.343111,20.49058,1.467158,1.017228,1.016006,2022.04.28
2022.05.02,DA000368,2.385445,22.83796,1.537065,1.017294,1.016064,2022.05.02
2022.05.06,DA000368,2.393788,22.81339,1.562002,1.016798,1.016082,2022.05.06
2022.05.09,DA000368,2.404592,24.98825,1.531996,1.015611,1.016241,2022.05.09
2022.05.10,DA000368,2.403275,24.42183,1.537439,1.013918,1.016862,2022.05.10
2022.05.11,DA000368,2.397099,23.46091,1.621701,1.013932,1.017266,2022.05.11
2022.05.12,DA000368,2.403483,24.11558,1.740456,1.012701,1.016264,2022.05.12
2022.05.13,DA000368,2.392663,21.86779,1.882578,1.015501,1.016181,2022.05.13
2022.05.16,DA000368,2.38536,21.58904,1.913451,1.015994,1.015789,2022.05.16
2022.05.17,DA000368,2.386337,19.80122,1.855558,1.016451,1.016176,2022.05.17
2022.05.18,DA000368,2.385584,18.94712,1.798421,1.01717,1.016356,2022.05.18
2022.05.19,DA000368,2.390991,20.58165,1.717533,1.015436,1.016711,2022.05.19
2022.05.20,DA000368,2.389849,19.40026,1.701018,1.017612,1.016881,2022.05.20
2022.05.23,DA000368,2.389692,19.60781,1.640385,1.01687,1.016382,2022.05.23
2022.05.24,DA000368,2.397749,19.95988,1.564552,1.015551,1.016668,2022.05.24
2022.05.25,DA000368,2.400046,19.28957,1.559314,1.014463,1.017128,2022.05.25
2022.05.26,DA000368,2.402514,18.88115,1.531934,1.01388,1.017065,2022.05.26
2022.05.27,DA000368,2.404541,17.63918,1.499744,1.015223,1.017109,2022.05.27
2022.05.30,DA000368,2.389598,16.42262,1.476943,1.017738,1.01658,2022.05.30
2022.05.31,DA000368,2.439833,16.39961,1.467554,1.018613,1.016709,2022.05.31
2022.06.01,DA000368,2.445256,16.28948,1.455687,1.018498,1.016318,2022.06.01
2022.06.02,DA000368,2.450509,16.46787,1.418213,1.018745,1.016748,2022.06.02
2022.06.03,DA000368,2.444692,15.91671,1.393364,1.019641,1.017124,2022.06.03
2022.06.06,DA000368,2.444227,16.21711,1.346774,1.018682,1.017499,2022.06.06
2022.06.07,DA000368,2.449415,16.3216,1.297357,1.018843,1.017445,2022.06.07
2022.06.08,DA000368,2.4423,16.35775,1.308238,1.019041,1.017084,2022.06.08
2022.06.09,DA000368,2.438051,17.06152,1.274172,1.018642,1.016709,2022.06.09
2022.06.10,DA000368,2.44346,17.97053,1.247373,1.017338,1.016786,2022.06.10
2022.06.13,DA000368,2.454935,21.76842,1.252776,1.012726,1.017185,2022.06.13
2022.06.14,DA000368,2.462808,21.92376,1.252967,1.012359,1.01661,2022.06.14
2022.06.15,DA000368,2.469578,22.05317,1.231086,1.011403,1.016035,2022.06.15
2022.06.16,DA000368,2.471565,21.15131,1.216619,1.010869,1.016098,2022.06.16
2022.06.17,DA000368,2.473914,22.71355,1.260854,1.006851,1.016836,2022.06.17
2022.06.20,DA000368,2.468787,21.72262,1.339995,1.005974,1.01724,2022.06.20
2022.06.21,DA000368,2.465554,19.84132,1.302726,1.007386,1.016641,2022.06.21
2022.06.22,DA000368,2.465632,19.97353,1.305888,1.00527,1.016608,2022.06.22
2022.06.23,DA000368,2.464421,20.08684,1.306618,1.003226,1.016764,2022.06.23
2022.06.24,DA000368,2.45371,18.87168,1.35085,1.004822,1.016092,2022.06.24
2022.06.27,DA000368,2.450903,18.53649,1.337279,1.007287,1.016266,2022.06.27
2022.06.28,DA000368,2.45334,17.69995,1.297178,1.005885,1.015781,2022.06.28
2022.06.29,DA000368,2.448629,18.36932,1.257299,1.002891,1.014143,2022.06.29
2022.06.30,DA000368,2.507447,18.95326,1.236106,1.001985,1.01582,2022.06.30
2022.07.01,DA000368,2.509677,19.70935,1.292029,1.000321,1.016113,2022.07.01
2022.07.04,DA000368,2.507295,18.4874,1.284719,1.000846,1.015892,2022.07.04
2022.07.05,DA000368,2.505069,18.00796,1.235974,1.00164,1.015865,2022.07.05
2022.07.06,DA000368,2.494901,19.15354,1.263322,1.001002,1.015882,2022.07.06
2022.07.07,DA000368,2.551679,18.28807,1.276016,1.026333,1.040581,2022.07.07
2022.07.08,DA000368,2.556414,18.22841,1.237245,1.027736,1.040398,2022.07.08
2022.07.11,DA000368,2.495137,17.90132,1.178192,1.001899,1.015233,2022.07.11
2022.07.12,DA000368,2.499677,18.25318,1.150453,0.998971,1.015575,2022.07.12
2022.07.13,DA000368,2.498738,17.75596,1.131927,1.00015,1.015482,2022.07.13
2022.07.14,DA000368,2.496745,17.1,1.117311,1.001372,1.015601,2022.07.14
2022.07.15,DA000368,2.492074,16.97778,1.148406,1.001594,1.01544,2022.07.15
2022.07.19,DA000368,2.498214,17.01217,1.144095,1.00371,1.0159,2022.07.19
2022.07.20,DA000368,2.490388,16.45731,1.125457,1.006342,1.016251,2022.07.20
2022.07.21,DA000368,2.486858,15.93979,1.091997,1.006327,1.015719,2022.07.21
2022.07.22,DA000368,2.48583,15.57639,1.078846,1.007282,1.015854,2022.07.22
2022.07.25,DA000368,2.490416,16.13422,1.062175,1.004952,1.016331,2022.07.25
2022.07.26,DA000368,2.491305,15.76116,1.034873,1.005499,1.01641,2022.07.26
2022.07.27,DA000368,2.49163,15.62856,1.019439,1.006341,1.016669,2022.07.27
2022.07.28,DA000368,2.489627,15.02148,1.081159,1.006316,1.016507,2022.07.28
2022.07.29,DA000368,2.522009,14.67769,1.212737,1.007445,1.017306,2022.07.29
2022.08.01,DA000368,2.520689,14.75419,1.332024,1.009157,1.017248,2022.08.01
2022.08.02,DA000368,2.522303,16.06845,1.301407,1.008995,1.017967,2022.08.02
2022.08.03,DA000368,2.515941,15.73466,1.313905,1.011068,1.018512,2022.08.03
2022.08.04,DA000368,2.50996,15.09206,1.398667,1.01248,1.018265,2022.08.04
2022.08.05,DA000368,2.508984,15.94973,1.412975,1.013085,1.017932,2022.08.05
2022.08.08,DA000368,2.512744,14.43011,1.446516,1.013211,1.017489,2022.08.08
2022.08.09,DA000368,2.512295,15.10661,1.436603,1.011934,1.017136,2022.08.09
2022.08.10,DA000368,2.519969,15.97679,1.389886,1.009826,1.016968,2022.08.10
2022.08.12,DA000368,2.513582,14.58364,1.418832,1.013259,1.016924,2022.08.12
2022.08.15,DA000368,2.505615,15.12854,1.430707,1.013546,1.016682,2022.08.15
2022.08.16,DA000368,2.49886,14.49048,1.375224,1.012614,1.016183,2022.08.16
2022.08.17,DA000368,2.502658,14.68477,1.322163,1.012316,1.015834,2022.08.17
2022.08.18,DA000368,2.506756,14.75896,1.262389,1.01114,1.015909,2022.08.18
2022.08.19,DA000368,2.5093,14.28483,1.222765,1.011525,1.015953,2022.08.19
2022.08.22,DA000368,2.514013,15.12269,1.178122,1.009544,1.015967,2022.08.22
2022.08.23,DA000368,2.519466,15.74135,1.149232,1.007707,1.015411,2022.08.23
2022.08.24,DA000368,2.524904,15.64289,1.121702,1.006504,1.015149,2022.08.24
2022.08.25,DA000368,2.524,14.91413,1.094638,1.006412,1.015033,2022.08.25
2022.08.26,DA000368,2.52523,14.62452,1.053269,1.007306,1.015306,2022.08.26
2022.08.29,DA000368,2.536168,16.64814,1.023641,1.004233,1.015363,2022.08.29
2022.08.30,DA000368,2.533373,15.50925,1.009708,1.00394,1.014827,2022.08.30
2022.08.31,DA000368,2.517132,15.31008,1.006642,1.004779,1.015239,2022.08.31
2022.09.01,DA000368,2.518339,16.36599,1.011347,1.0032,1.015146,2022.09.01
2022.09.02,DA000368,2.519772,15.8662,0.993914,1.002157,1.01528,2022.09.02
2022.09.05,DA000368,2.519096,17.48257,0.990112,1.002771,1.015271,2022.09.05
2022.09.06,DA000368,2.521255,14.77397,0.997822,1.002807,1.015086,2022.09.06
2022.09.07,DA000368,2.516718,15.57074,1.035637,1.001632,1.015058,2022.09.07
2022.09.08,DA000368,2.512316,14.86506,1.050885,1.002608,1.014649,2022.09.08
2022.09.09,DA000368,2.515937,14.40399,1.02366,1.00225,1.014525,2022.09.09
2022.09.12,DA000368,2.507837,14.09984,1.00136,1.002876,1.014226,2022.09.12
2022.09.13,DA000368,2.507692,13.49486,1.010367,1.002746,1.01387,2022.09.13
2022.09.14,DA000368,2.518524,15.25089,0.989877,1.000214,1.013423,2022.09.14
2022.09.15,DA000368,2.516526,14.86723,0.985282,1.000003,1.013195,2022.09.15
2022.09.16,DA000368,2.520145,15.46893,0.995579,0.997643,1.013376,2022.09.16
2022.09.20,DA000368,2.520849,15.66318,1.002598,0.997615,1.012974,2022.09.20
2022.09.21,DA000368,2.528478,16.60811,0.969766,0.996617,1.013199,2022.09.21
2022.09.22,DA000368,2.529693,15.8544,0.953221,0.996133,1.013318,2022.09.22
2022.09.26,DA000368,2.525397,18.38621,1.020814,0.993818,1.014669,2022.09.26
2022.09.27,DA000368,2.522946,17.85112,1.002041,0.994437,1.014537,2022.09.27
2022.09.28,DA000368,2.519832,19.1139,1.019517,0.994632,1.014835,2022.09.28
2022.09.29,DA000368,2.468951,17.85873,1.028979,0.982966,1.00318,2022.09.29
2022.09.30,DA000368,2.687747,18.90219,1.031704,0.990182,1.013705,2022.09.30
2022.10.03,DA000368,2.692009,18.79255,1.058067,0.994958,1.01381,2022.10.03
2022.10.04,DA000368,2.693922,17.53759,1.074039,0.996241,1.014004,2022.10.04
2022.10.05,DA000368,2.689563,16.79206,1.038494,0.997941,1.014137,2022.10.05
2022.10.06,DA000368,2.689176,16.38866,1.013842,1.000244,1.014258,2022.10.06
2022.10.07,DA000368,2.684653,16.69603,1.000664,0.999906,1.014495,2022.10.07
2022.10.11,DA000368,2.697833,18.55264,1.096605,0.996149,1.014098,2022.10.11
2022.10.12,DA000368,2.693886,18.60001,1.102109,0.995316,1.014589,2022.10.12
2022.10.13,DA000368,2.700936,18.91952,1.074339,0.995553,1.014892,2022.10.13
2022.10.14,DA000368,2.695377,17.55596,1.083079,0.997181,1.015158,2022.10.14
2022.10.17,DA000368,2.703212,17.74029,1.071479,0.996193,1.015242,2022.10.17
2022.10.18,DA000368,2.69515,16.57953,1.044927,0.997898,1.015071,2022.10.18
2022.10.19,DA000368,2.69458,16.17669,1.027194,0.998161,1.015217,2022.10.19
2022.10.20,DA000368,2.696472,17.00981,1.015092,0.996589,1.015461,2022.10.20
2022.10.21,DA000368,2.700454,17.04928,0.996879,0.997744,1.015645,2022.10.21
2022.10.24,DA000368,2.705666,17.71184,0.989966,1.000633,1.015759,2022.10.24
2022.10.25,DA000368,2.70922,16.87363,1.013668,1.001157,1.01569,2022.10.25
2022.10.26,DA000368,2.699857,16.53396,0.999085,1.001371,1.015317,2022.10.26
2022.10.27,DA000368,2.689887,16.3968,1.000879,1.002783,1.015742,2022.10.27
2022.10.28,DA000368,2.687171,16.72319,1.062507,1.001458,1.015743,2022.10.28
2022.10.31,DA000368,2.566206,16.20563,1.16235,1.001303,1.014549,2022.10.31
2022.11.01,DA000368,2.56651,15.57421,1.274743,1.002089,1.014938,2022.11.01
2022.11.02,DA000368,2.571325,15.50001,1.356,1.002171,1.015059,2022.11.02
2022.11.04,DA000368,2.575209,15.26465,1.376757,1.001351,1.014728,2022.11.04
2022.11.07,DA000368,2.577009,14.9698,1.378387,1.002978,1.014632,2022.11.07
2022.11.08,DA000368,2.574301,14.61234,1.386888,1.004723,1.014473,2022.11.08
2022.11.09,DA000368,2.581462,14.8444,1.445762,1.005976,1.014634,2022.11.09
2022.11.10,DA000368,2.583915,15.44624,1.424,1.003724,1.014541,2022.11.10
2022.11.11,DA000368,2.565183,14.51836,1.482609,1.012151,1.015458,2022.11.11
2022.11.14,DA000368,2.564973,14.21891,1.59151,1.01298,1.015705,2022.11.14
2022.11.15,DA000368,2.573135,13.55874,1.609859,1.012845,1.015645,2022.11.15
2022.11.16,DA000368,2.57309,13.82204,1.587706,1.013418,1.015785,2022.11.16
2022.11.17,DA000368,2.573386,13.32411,1.520189,1.010196,1.015819,2022.11.17
2022.11.18,DA000368,2.576513,13.12003,1.463636,1.007843,1.015842,2022.11.18
2022.11.21,DA000368,2.580269,12.714,1.408003,1.007783,1.01596,2022.11.21
2022.11.22,DA000368,2.583813,12.42523,1.349312,1.006659,1.015868,2022.11.22
2022.11.24,DA000368,2.588652,12.68054,1.300794,1.008179,1.016009,2022.11.24
2022.11.25,DA000368,2.59203,12.71498,1.242383,1.007226,1.015837,2022.11.25
2022.11.28,DA000368,2.58894,13.49358,1.207485,1.006843,1.016026,2022.11.28
2022.11.29,DA000368,2.592577,13.64502,1.169761,1.005754,1.016184,2022.11.29
2022.11.30,DA000368,2.512036,13.81447,1.160529,1.005851,1.016811,2022.11.30
2022.12.01,DA000368,2.502269,13.79358,1.153003,1.009786,1.017373,2022.12.01
2022.12.02,DA000368,2.503191,14.59398,1.121766,1.009334,1.017402,2022.12.02
2022.12.05,DA000368,2.5015,13.52656,1.116353,1.007903,1.017657,2022.12.05
2022.12.06,DA000368,2.510273,16.50912,1.098365,1.006479,1.018068,2022.12.06
2022.12.07,DA000368,2.513133,13.77184,1.064888,1.00444,1.01777,2022.12.07
2022.12.08,DA000368,2.515151,13.97167,1.032472,1.003686,1.017758,2022.12.08
2022.12.09,DA000368,2.509291,13.42627,1.026642,1.005383,1.017747,2022.12.09
2022.12.12,DA000368,2.510191,13.98348,0.993958,1.005187,1.017726,2022.12.12
2022.12.13,DA000368,2.513061,14.12684,0.979186,1.004973,1.017534,2022.12.13
2022.12.14,DA000368,2.510889,12.76418,0.956414,1.006207,1.01781,2022.12.14
2022.12.15,DA000368,2.518086,12.18134,0.925704,1.005374,1.01799,2022.12.15
2022.12.16,DA000368,2.522183,13.28006,0.919972,1.003036,1.018365,2022.12.16
2022.12.19,DA000368,2.526719,14.07418,0.910348,1.002168,1.018243,2022.12.19
2022.12.20,DA000368,2.547791,15.92253,0.983335,0.99746,1.01648,2022.12.20
2022.12.21,DA000368,2.552697,15.44615,1.011935,0.994948,1.016143,2022.12.21
2022.12.22,DA000368,2.556701,14.56566,1.001065,0.993632,1.015797,2022.12.22
2022.12.23,DA000368,2.563423,15.05121,0.990426,0.990643,1.01518,2022.12.23
2022.12.26,DA000368,2.562931,14.46782,0.987068,0.992139,1.015486,2022.12.26
2022.12.27,DA000368,2.561623,14.68625,0.957879,0.9908,1.01513,2022.12.27
2022.12.28,DA000368,2.564555,14.67449,0.927342,0.9897,1.01539,2022.12.28
2022.12.29,DA000368,2.553173,15.11693,0.911989,0.989219,1.013083,2022.12.29
2022.12.30,DA000368,2.558744,15.10347,0.873336,0.991493,1.015868,2022.12.30
2023.01.04,DA000368,2.640371,15.3243,0.937556,0.990889,1.01591,2023.01.04
2023.01.05,DA000368,2.635261,14.42915,0.955306,0.994018,1.016313,2023.01.05
2023.01.06,DA000368,2.633989,13.92038,0.970225,0.996281,1.016256,2023.01.06
2023.01.10,DA000368,2.632027,14.00883,1.027546,0.999004,1.01658,2023.01.10
2023.01.11,DA000368,2.629527,13.78955,1.086599,1.001406,1.016984,2023.01.11
2023.01.12,DA000368,2.634339,14.45406,1.08602,1.001422,1.01714,2023.01.12
2023.01.13,DA000368,2.640647,14.30648,1.093655,1.000429,1.016949,2023.01.13
2023.01.16,DA000368,2.637287,15.25624,1.092343,1.000234,1.016408,2023.01.16
2023.01.17,DA000368,2.637877,14.7952,1.077927,1.002385,1.015813,2023.01.17
2023.01.18,DA000368,2.631079,13.59289,1.065528,1.004713,1.015588,2023.01.18
2023.01.19,DA000368,2.62892,13.88858,1.047401,1.003339,1.015652,2023.01.19
2023.01.20,DA000368,2.633475,13.48844,1.021132,1.002308,1.015638,2023.01.20
2023.01.23,DA000368,2.630504,13.63115,0.991295,1.003897,1.015575,2023.01.23
2023.01.24,DA000368,2.627291,13.74194,0.981809,1.004907,1.015879,2023.01.24
2023.01.25,DA000368,2.628631,13.62268,0.96119,1.004874,1.01607,2023.01.25
2023.01.26,DA000368,2.62744,13.46927,0.944956,1.004296,1.016222,2023.01.26
2023.01.27,DA000368,2.6293,13.26907,0.965132,1.0043,1.01668,2023.01.27
2023.01.30,DA000368,2.625839,13.28543,0.98744,1.00473,1.016733,2023.01.30
2023.01.31,DA000368,2.535046,13.42542,1.00956,1.003389,1.016531,2023.01.31
2023.02.01,DA000368,2.539,13.76569,1.040169,1.003093,1.01656,2023.02.01
2023.02.02,DA000368,2.530463,12.94212,1.076117,1.005643,1.017267,2023.02.02
2023.02.03,DA000368,2.524108,12.8665,1.215207,1.007911,1.01761,2023.02.03
2023.02.06,DA000368,2.531308,13.09839,1.235362,1.007017,1.017595,2023.02.06
2023.02.07,DA000368,2.532918,13.05077,1.205611,1.006293,1.017503,2023.02.07
2023.02.08,DA000368,2.533276,12.53402,1.198188,1.005658,1.017868,2023.02.08
2023.02.09,DA000368,2.534776,12.63058,1.180684,1.005893,1.017828,2023.02.09
2023.02.10,DA000368,2.539239,12.76502,1.195766,1.005429,1.018263,2023.02.10
2023.02.13,DA000368,2.548543,12.96645,1.173798,1.003563,1.018008,2023.02.13
2023.02.14,DA000368,2.549011,12.54366,1.157324,1.003069,1.017947,2023.02.14
2023.02.15,DA000368,2.557675,11.84625,1.175926,1.001773,1.018028,2023.02.15
2023.02.16,DA000368,2.55529,11.48862,1.16063,1.003239,1.018058,2023.02.16
2023.02.17,DA000368,2.564701,11.98392,1.137407,1.001119,1.018083,2023.02.17
2023.02.20,DA000368,2.569347,12.15027,1.115427,0.999239,1.017962,2023.02.20
2023.02.21,DA000368,2.576482,12.60175,1.088002,0.998733,1.017887,2023.02.21
2023.02.22,DA000368,2.581511,13.43181,1.082414,0.997416,1.017279,2023.02.22
2023.02.24,DA000368,2.579374,12.69626,1.094483,0.999429,1.016932,2023.02.24
2023.02.27,DA000368,2.583619,12.73079,1.065989,0.998229,1.01653,2023.02.27
2023.02.28,DA000368,2.574605,12.42161,1.049597,0.999206,1.01681,2023.02.28
2023.03.01,DA000368,2.537252,11.92884,1.053228,1.000132,1.0172,2023.03.01
2023.03.02,DA000368,2.537599,11.99026,1.02663,0.999754,1.017468,2023.03.02
2023.03.03,DA000368,2.534453,12.20886,1.016954,1.000665,1.017221,2023.03.03
2023.03.06,DA000368,2.533012,12.5002,1.002844,1.002833,1.017424,2023.03.06
2023.03.07,DA000368,2.533711,12.41502,0.974421,1.001935,1.01696,2023.03.07
2023.03.08,DA000368,2.5326,12.97944,0.960615,1.001166,1.016825,2023.03.08
2023.03.09,DA000368,2.535109,13.37448,0.953922,1.001073,1.017039,2023.03.09
2023.03.10,DA000368,2.53411,13.3405,0.978995,1.001321,1.017874,2023.03.10
2023.03.13,DA000368,2.529499,13.8672,0.961974,1.002016,1.018999,2023.03.13
2023.03.14,DA000368,2.521879,16.02357,0.964025,1.002859,1.021788,2023.03.14
2023.03.15,DA000368,2.532386,14.4376,0.962424,1.002561,1.022142,2023.03.15
2023.03.16,DA000368,2.520861,16.06109,1.01015,1.003479,1.022264,2023.03.16
2023.03.17,DA000368,2.509585,14.49509,1.034888,1.005071,1.0217,2023.03.17
2023.03.20,DA000368,2.50879,16.97274,1.026961,1.004782,1.02101,2023.03.20
2023.03.22,DA000368,2.509039,15.21114,1.031325,1.006095,1.020338,2023.03.22
2023.03.23,DA000368,2.508625,14.57524,1.016853,1.006794,1.020195,2023.03.23
2023.03.24,DA000368,2.507042,14.22125,1.009687,1.006888,1.020215,2023.03.24
2023.03.27,DA000368,2.508807,14.17009,0.986391,1.006217,1.020173,2023.03.27
2023.03.28,DA000368,2.514068,13.47569,0.968359,1.005367,1.02051,2023.03.28
2023.03.29,DA000368,2.51082,12.94004,0.959955,1.00562,1.019719,2023.03.29
2023.03.30,DA000368,2.475304,12.37393,0.947515,0.996926,1.009869,2023.03.30
2023.03.31,DA000368,2.496179,12.42684,1.001667,1.009145,1.020744,2023.03.31
2023.04.03,DA000368,2.524377,12.75168,0.989353,1.008429,1.021417,2023.04.03
2023.04.04,DA000368,2.52807,12.37832,1.014565,1.00766,1.021696,2023.04.04
2023.04.05,DA000368,2.529198,13.19077,1.00766,1.006732,1.021435,2023.04.05
2023.04.06,DA000368,2.532122,13.30936,1.022224,1.003649,1.02194,2023.04.06
2023.04.07,DA000368,2.534376,13.00383,0.98629,1.004791,1.022173,2023.04.07
2023.04.10,DA000368,2.535789,12.89614,0.944783,1.004049,1.02193,2023.04.10
2023.04.11,DA000368,2.536015,12.72615,0.951216,1.005866,1.022242,2023.04.11
2023.04.12,DA000368,2.539644,12.62842,0.930148,1.006437,1.022388,2023.04.12
2023.04.13,DA000368,2.535593,12.40154,0.911973,1.006108,1.022268,2023.04.13
2023.04.14,DA000368,2.532259,12.47095,0.926783,1.006126,1.022242,2023.04.14
2023.04.17,DA000368,2.536422,12.30773,0.926574,1.005954,1.022865,2023.04.17
2023.04.18,DA000368,2.534724,12.09465,0.899249,1.004288,1.022116,2023.04.18
2023.04.19,DA000368,2.537875,12.0758,0.873258,1.003601,1.022304,2023.04.19
2023.04.20,DA000368,2.537741,12.18036,0.855678,1.00384,1.022384,2023.04.20
2023.04.21,DA000368,2.536482,12.09378,0.850478,1.003153,1.022255,2023.04.21
2023.04.24,DA000368,2.530871,12.2613,0.848433,1.002762,1.021933,2023.04.24
2023.04.25,DA000368,2.531413,12.20978,0.84818,1.002286,1.022091,2023.04.25
2023.04.26,DA000368,2.5343,12.63538,0.873851,1.001025,1.022401,2023.04.26
2023.04.27,DA000368,2.535028,12.33641,0.904285,1.001542,1.02235,2023.04.27
2023.04.28,DA000368,2.533004,11.47489,1.011321,1.000848,1.021326,2023.04.28
2023.05.01,DA000368,2.468287,11.81698,1.078381,1.000851,1.021485,2023.05.01
2023.05.02,DA000368,2.464017,11.96671,1.045494,1.001813,1.021489,2023.05.02
2023.05.08,DA000368,2.467686,12.29461,1.046223,1.000996,1.021624,2023.05.08
2023.05.09,DA000368,2.471131,11.98731,1.074148,1.002145,1.021766,2023.05.09
2023.05.10,DA000368,2.473576,12.22689,1.112889,1.002271,1.021559,2023.05.10
2023.05.11,DA000368,2.469534,11.86253,1.167165,1.002551,1.021826,2023.05.11
2023.05.12,DA000368,2.461709,12.02007,1.275632,1.002947,1.021603,2023.05.12
2023.05.15,DA000368,2.462419,12.29302,1.304517,1.001781,1.021389,2023.05.15
2023.05.16,DA000368,2.455405,13.15376,1.357466,1.002239,1.021514,2023.05.16
2023.05.17,DA000368,2.453072,13.61293,1.343819,1.002492,1.021625,2023.05.17
2023.05.18,DA000368,2.449871,15.67516,1.368906,1.007153,1.022611,2023.05.18
2023.05.19,DA000368,2.445212,15.34516,1.345335,1.009029,1.023015,2023.05.19
2023.05.22,DA000368,2.447061,14.53114,1.359413,1.00852,1.022993,2023.05.22
2023.05.23,DA000368,2.448222,15.0484,1.352042,1.00814,1.023012,2023.05.23
2023.05.24,DA000368,2.458183,14.45573,1.365424,1.008261,1.022873,2023.05.24
2023.05.25,DA000368,2.456597,14.05787,1.341455,1.01016,1.02271,2023.05.25
2023.05.26,DA000368,2.451148,14.70385,1.332716,1.011181,1.022577,2023.05.26
2023.05.29,DA000368,2.457276,15.34242,1.316417,1.012102,1.022711,2023.05.29
2023.05.30,DA000368,2.455323,15.12226,1.283182,1.013475,1.022971,2023.05.30
2023.05.31,DA000368,2.44898,15.20504,1.338828,1.013356,1.023543,2023.05.31
2023.06.01,DA000368,2.429154,14.91806,1.391154,1.014195,1.023298,2023.06.01
2023.06.02,DA000368,2.426332,15.20128,1.380549,1.015008,1.022601,2023.06.02
2023.06.05,DA000368,2.425693,16.48387,1.346275,1.017083,1.022194,2023.06.05
2023.06.06,DA000368,2.426944,15.97479,1.316905,1.017032,1.022709,2023.06.06
2023.06.07,DA000368,2.431282,16.58564,1.257265,1.015312,1.022746,2023.06.07
2023.06.08,DA000368,2.440196,17.4391,1.222821,1.013729,1.02282,2023.06.08
2023.06.09,DA000368,2.437403,16.2234,1.202712,1.014535,1.02276,2023.06.09
2023.06.12,DA000368,2.429559,15.43071,1.189673,1.016152,1.022747,2023.06.12
2023.06.13,DA000368,2.427632,16.09771,1.241215,1.018597,1.022314,2023.06.13
2023.06.14,DA000368,2.432823,16.55232,1.342626,1.019671,1.021919,2023.06.14
2023.06.15,DA000368,2.438398,16.78084,1.314874,1.019862,1.022188,2023.06.15
2023.06.16,DA000368,2.435525,15.6018,1.311632,1.01936,1.022089,2023.06.16
2023.06.19,DA000368,2.437854,15.43141,1.291568,1.017519,1.022282,2023.06.19
2023.06.20,DA000368,2.436631,15.13247,1.281535,1.018568,1.023085,2023.06.20
2023.06.21,DA000368,2.439846,15.22432,1.266278,1.017916,1.022797,2023.06.21
2023.06.22,DA000368,2.450802,15.25212,1.282348,1.015445,1.022762,2023.06.22
2023.06.23,DA000368,2.452517,15.85007,1.225288,1.013363,1.022324,2023.06.23
2023.06.26,DA000368,2.455839,15.73271,1.209356,1.013207,1.022375,2023.06.26
2023.06.27,DA000368,2.463176,14.97719,1.1903,1.011899,1.022422,2023.06.27
2023.06.28,DA000368,2.459627,15.09882,1.198278,1.013097,1.021517,2023.06.28
2023.06.29,DA000368,2.452205,14.7274,1.209921,1.013426,1.020095,2023.06.29
2023.06.30,DA000368,2.458012,14.26356,1.185358,1.014641,1.021297,2023.06.30
2023.07.03,DA000368,2.262781,14.56905,1.196833,1.016887,1.021433,2023.07.03
2023.07.04,DA000368,2.271391,14.31909,1.189229,1.016469,1.021451,2023.07.04
2023.07.05,DA000368,2.274395,13.93648,1.182211,1.016652,1.021229,2023.07.05
2023.07.06,DA000368,2.276517,14.19643,1.164997,1.015274,1.020949,2023.07.06
2023.07.07,DA000368,2.330827,15.25877,1.156513,1.037545,1.044723,2023.07.07
2023.07.10,DA000368,2.332081,15.85227,1.131098,1.036519,1.045073,2023.07.10
2023.07.11,DA000368,2.275958,15.08916,1.098144,1.013903,1.021771,2023.07.11
2023.07.12,DA000368,2.280656,15.64113,1.089761,1.012447,1.022294,2023.07.12
2023.07.13,DA000368,2.270493,14.66929,1.102917,1.01557,1.022281,2023.07.13
2023.07.14,DA000368,2.272424,14.81777,1.081342,1.016417,1.022351,2023.07.14
2023.07.18,DA000368,2.274129,14.67905,1.08984,1.017173,1.022336,2023.07.18
2023.07.19,DA000368,2.274737,14.24727,1.06364,1.018097,1.022036,2023.07.19
2023.07.20,DA000368,2.282168,14.36087,1.033364,1.016052,1.021951,2023.07.20
2023.07.21,DA000368,2.281871,14.15667,1.038417,1.01482,1.021837,2023.07.21
2023.07.24,DA000368,2.280047,14.16092,1.006806,1.015692,1.021496,2023.07.24
2023.07.25,DA000368,2.283594,13.67194,1.018,1.016242,1.021342,2023.07.25
2023.07.26,DA000368,2.281309,13.36995,0.979045,1.015971,1.021587,2023.07.26
2023.07.27,DA000368,2.280235,13.3162,0.983241,1.015523,1.021466,2023.07.27
2023.07.28,DA000368,2.286307,13.14968,1.071942,1.014154,1.021752,2023.07.28
2023.07.31,DA000368,2.279456,12.98888,1.213215,1.016049,1.022279,2023.07.31
2023.08.01,DA000368,2.275319,12.83643,1.307382,1.016962,1.022095,2023.08.01
2023.08.02,DA000368,2.279647,13.85484,1.45606,1.016443,1.021684,2023.08.02
2023.08.03,DA000368,2.2821,14.65113,1.441581,1.014945,1.021656,2023.08.03
2023.08.04,DA000368,2.286257,14.76825,1.448723,1.014668,1.021482,2023.08.04
2023.08.07,DA000368,2.285674,14.38421,1.44208,1.014167,1.021635,2023.08.07
2023.08.08,DA000368,2.288553,14.20952,1.43272,1.012722,1.02149,2023.08.08
2023.08.09,DA000368,2.287433,14.14596,1.458958,1.01149,1.021709,2023.08.09
2023.08.10,DA000368,2.293244,13.55922,1.543986,1.010221,1.0217,2023.08.10
2023.08.14,DA000368,2.294663,13.87159,1.553966,1.008304,1.021866,2023.08.14
2023.08.15,DA000368,2.29466,13.25757,1.495637,1.008604,1.022039,2023.08.15
2023.08.16,DA000368,2.294571,14.01078,1.445378,1.00713,1.022036,2023.08.16
2023.08.17,DA000368,2.298283,13.73581,1.40551,1.007144,1.021994,2023.08.17
2023.08.18,DA000368,2.300845,13.70277,1.344833,1.007736,1.02186,2023.08.18
2023.08.21,DA000368,2.299689,13.97554,1.279235,1.007346,1.021798,2023.08.21
2023.08.22,DA000368,2.301518,13.18283,1.224124,1.008357,1.021778,2023.08.22
2023.08.23,DA000368,2.300755,12.87438,1.191885,1.00799,1.021526,2023.08.23
2023.08.24,DA000368,2.300157,12.5106,1.147083,1.008138,1.021544,2023.08.24
2023.08.25,DA000368,2.30551,13.14351,1.111879,1.006278,1.021546,2023.08.25
2023.08.28,DA000368,2.305003,12.78283,1.092653,1.008047,1.021351,2023.08.28
2023.08.29,DA000368,2.303856,12.50471,1.042597,1.007527,1.02109,2023.08.29
2023.08.30,DA000368,2.304183,12.34173,1.011158,1.008064,1.02049,2023.08.30
2023.08.31,DA000368,2.301796,11.75843,1.043834,1.008962,1.020648,2023.08.31
2023.09.01,DA000368,2.264143,11.7383,1.030313,1.008837,1.020514,2023.09.01
2023.09.04,DA000368,2.271961,11.94065,1.023722,1.009237,1.020454,2023.09.04
2023.09.05,DA000368,2.271403,12.23571,0.997192,1.009616,1.020305,2023.09.05
2023.09.06,DA000368,2.271723,11.92796,1.012068,1.010645,1.020289,2023.09.06
2023.09.07,DA000368,2.276604,12.47319,1.01488,1.007893,1.020258,2023.09.07
2023.09.08,DA000368,2.278772,12.04311,1.025559,1.007013,1.020464,2023.09.08
2023.09.11,DA000368,2.286195,11.82608,1.04718,1.005482,1.020273,2023.09.11
2023.09.12,DA000368,2.285971,11.36175,1.05982,1.005322,1.020032,2023.09.12
2023.09.13,DA000368,2.293641,11.59219,1.148593,1.00382,1.019719,2023.09.13
2023.09.14,DA000368,2.294603,11.32089,1.153334,1.005067,1.019983,2023.09.14
2023.09.15,DA000368,2.293146,11.30419,1.180112,1.006469,1.019726,2023.09.15
2023.09.19,DA000368,2.307685,12.01387,1.194477,1.005067,1.019671,2023.09.19
2023.09.20,DA000368,2.308739,12.25177,1.218812,1.005018,1.019821,2023.09.20
2023.09.21,DA000368,2.31659,12.97266,1.180986,1.003475,1.019649,2023.09.21
2023.09.22,DA000368,2.316603,12.6653,1.150961,1.003412,1.019895,2023.09.22
2023.09.25,DA000368,2.309271,12.53653,1.154088,1.004491,1.019931,2023.09.25
2023.09.26,DA000368,2.315488,12.95776,1.133049,1.003036,1.02019,2023.09.26
2023.09.27,DA000368,2.314014,12.88593,1.128306,1.00329,1.019997,2023.09.27
2023.09.28,DA000368,2.289325,13.25075,1.1091,0.994169,1.010119,2023.09.28
